kode_prov,provinsi,pulau,ikk,pdrb_kapita_ribu,penduduk_ribu,kepadatan,ipm,p0,rad_sum_2024,rad_sum_2020,jumlah_kabkota,penduduk_2024,cahaya_pk,pct_menyala,pertumbuhan_cahaya,laju_pdrb_pct,lon,lat
11,Aceh,Sumatera,96.61,43782.0,5554.8,98,74.03,14.23,57034.30809752276,44952.54909498072,23,5554800.0,10.267571847325334,6.5859401694698185,23.804080206048006,4.596021776068868,97.1491,3.9119
12,Sumatera Utara,Sumatera,97.45,73575.0,15588.5,215,74.02,7.99,142457.9485974437,110327.58683724077,33,15588500.0,9.13865661208222,10.458952316769023,25.559081200621137,4.888119033046135,99.2559,2.2854
13,Sumatera Barat,Sumatera,93.06,57083.0,5836.2,139,74.49,5.97,32335.49454624465,24084.483088447116,19,5836200.0,5.540504874103808,6.248759164830768,29.458715699880855,4.255999933768255,100.8827,-0.7958
14,Riau,Sumatera,96.1,165350.0,6728.1,75,74.79,6.67,103079.00545758723,88640.36929651201,12,6728100.0,15.320670836876271,8.068982510676841,15.090676800995695,3.1589914976767166,101.5802,0.7068
15,Jambi,Sumatera,95.32,86775.0,3724.3,76,73.43,7.1,52717.703301803616,37265.4613275483,11,3724300.0,14.155063582902455,6.939460153809722,34.68765319037459,4.491282932453035,102.6042,-1.7441
16,Sumatera Selatan,Sumatera,90.62,75132.0,8837.3,102,72.3,10.97,116088.05315710668,86980.08676223486,17,8837300.0,13.136144881027768,8.9584502889492,28.866689472231144,5.1820916046319265,104.2843,-3.2717
17,Bengkulu,Sumatera,94.2,49233.0,2112.2,105,73.39,13.56,8958.900349732827,6944.104921712302,10,2112200.0,4.241501917305571,3.7118494342879593,25.472202163322955,4.606594622834089,102.4712,-3.6014
18,Lampung,Sumatera,89.12,51387.0,9419.6,281,71.81,10.69,93817.73128986734,76800.06714198808,15,9419600.0,9.959842380766416,30.112434794408323,20.01459948627673,4.563524122438438,105.1143,-4.8296
19,Kepulauan Bangka Belitung,Sumatera,105.37,70193.0,1531.5,92,73.33,4.55,17119.218229454753,11110.900490402648,7,1531500.0,11.178072627786323,11.323888605064182,43.22434674153488,0.8162629304335703,107.9076,-2.899
21,Kepulauan Riau,Sumatera,111.94,161424.0,2183.3,264,77.97,5.37,41752.00746228076,34665.53739573383,7,2183300.0,19.123348812476873,17.098602261535085,18.599660223006254,5.334737091050191,108.1962,3.9241
31,DKI Jakarta,Jawa,114.79,344383.0,10684.9,16165,83.08,4.3,106418.42141893817,93111.45350035171,6,10684900.0,9.959702142176171,95.83842511953763,13.358015227330533,4.891191403370263,106.847,-6.2396
32,Jawa Barat,Jawa,105.3,56082.0,50345.2,1359,74.43,7.46,425036.9197077304,316455.6949376437,27,50345200.0,8.442451707565576,53.31911812147235,29.499198040472407,4.910749171760789,107.6126,-6.8686
33,Jawa Tengah,Jawa,102.08,47970.0,37892.3,1104,73.88,10.47,329146.0930528373,232483.94100681075,35,37892300.0,8.686358258876798,67.17803360894618,34.76792891292515,4.8040360591550755,109.6866,-7.3081
34,DI Yogyakarta,Jawa,104.88,51486.0,3759.5,1186,81.55,10.83,44398.19754560756,28082.056908773688,5,3759500.0,11.809601687886037,79.04732150501815,45.80549584728342,5.036572742003116,110.4118,-7.8742
35,Jawa Timur,Jawa,96.29,75770.0,41814.5,870,74.09,9.79,544134.5326000836,397625.8937915146,38,41814500.0,13.013058451017795,68.92754276434816,31.368424381887472,4.925271215264068,112.2781,-7.7666
36,Banten,Jawa,94.18,70276.0,12431.4,1329,74.48,5.84,152662.4175735978,117431.28062485842,8,12431400.0,12.280388176198803,47.584923641639705,26.237378061888705,4.7684491134900915,106.1333,-6.4401
51,Bali,Bali-Nusa Tenggara,107.46,67318.0,4433.3,793,77.76,4.0,47532.69706546022,30342.440506517883,9,4433300.0,10.721741606807619,62.19003171549521,44.88585055709837,5.351633073483625,115.2623,-8.4457
52,Nusa Tenggara Barat,Bali-Nusa Tenggara,104.09,32282.0,5646.0,287,70.93,12.91,45957.18415935121,32016.12738008043,10,5646000.0,8.139777569846123,24.48228280544538,36.14609528051336,5.272004570914951,117.2724,-8.5953
53,Nusa Tenggara Timur,Bali-Nusa Tenggara,92.42,24303.0,5656.0,122,67.39,19.48,30793.886659993314,18153.227950915687,22,5656000.0,5.444463695189765,7.631449169465573,52.84451801269796,3.909759243709645,120.5987,-8.5095
61,Kalimantan Barat,Kalimantan,107.34,52703.0,5695.5,39,70.13,6.32,34023.63938928913,23895.017059219346,14,5695500.0,5.9737756806758195,1.6381009601073926,35.33731552690309,4.886225685890023,111.0674,-0.4811
62,Kalimantan Tengah,Kalimantan,106.56,79320.0,2809.7,18,72.73,5.17,34952.5068633048,19515.42917335448,14,2809700.0,12.439942649857564,2.300747517213603,58.27621705246333,4.595311450833947,113.4322,-1.3895
63,Kalimantan Selatan,Kalimantan,100.7,67122.0,4273.4,115,73.03,4.11,63946.060815226556,40474.35025996706,13,4273400.0,14.963743346100658,14.676299639299184,45.73624130374547,5.096288094584996,115.5176,-2.7478
64,Kalimantan Timur,Kalimantan,118.3,212117.0,4045.9,32,78.83,5.78,128681.57467354082,89349.25609665114,10,4045900.0,31.80542640044015,6.8369147103866075,36.47846026932324,6.415175283744426,116.1401,0.1136
65,Kalimantan Utara,Kalimantan,107.52,198677.0,739.8,11,73.02,6.32,12080.88480793892,9147.665893579813,5,739800.0,16.329933506270507,1.406676276211942,27.809914280631354,4.553893395905688,116.4531,2.7302
71,Sulawesi Utara,Sulawesi,100.77,69352.0,2701.8,186,75.03,7.25,23151.120296145305,18684.692961828147,15,2701800.0,8.568776480918391,15.769474865790203,21.432821702393667,5.338241845283661,124.6214,1.0408
72,Sulawesi Tengah,Sulawesi,91.82,120750.0,3121.8,51,71.56,11.77,45772.52010257617,22560.77010654053,13,3121800.0,14.662220546664159,4.1914539999174245,70.74488744986347,10.352640455385073,122.3859,-0.9631
73,Sulawesi Selatan,Sulawesi,95.91,73573.0,9463.4,209,74.05,8.06,76554.95007505969,62298.477482477414,24,9463400.0,8.089581976357303,12.117702086369254,20.60688084003033,4.990275067756503,119.9435,-3.8389
74,Sulawesi Tenggara,Sulawesi,94.71,67840.0,2793.1,77,73.48,11.21,28480.442723061755,19564.45760973172,17,2793100.0,10.196714304200263,8.339588392300897,37.5487098081031,5.515388731192762,121.8742,-3.8421
75,Gorontalo,Sulawesi,96.51,44437.0,1227.8,102,71.23,14.57,11627.481539635915,9110.679604882936,6,1227800.0,9.470175549467271,10.69042279948394,24.390033027717628,4.086450081863169,122.2615,0.6651
76,Sulawesi Barat,Sulawesi,91.63,42718.0,1503.2,91,68.2,11.21,2907.299825211717,1644.795044290435,6,1503200.0,1.9340738592414295,2.1840061743377652,56.934508087691604,4.363570883374613,119.4169,-2.2052
81,Maluku,Maluku,106.52,32199.0,1945.6,42,71.57,16.05,7475.769542304968,6205.979458681801,11,1945600.0,3.842397996661682,1.8601406247024066,18.612644128203826,5.4004161811482385,126.6566,-3.464
82,Maluku Utara,Maluku,114.09,71517.0,1355.6,41,71.03,6.32,22490.349699436396,9651.588749050976,10,1355600.0,16.590697624252282,4.0931821298847675,84.59046339598366,14.145833411902743,124.8309,-1.8219
91,Papua Barat,Papua,124.71,131636.0,578.7,10,67.02,21.66,7148.40868990363,4883.727863251169,7,578700.0,12.352529272340815,0.6799429558670262,38.09160772789699,21.066034168773825,134.0404,-2.4839
92,Papua Barat Daya,Papua,122.21,59064.0,627.1,16,68.63,18.13,4022.00426349336,4744.501937942587,6,627100.0,6.413656934290161,0.9423742651162779,-16.51682562164236,3.2614313757125957,131.8472,-1.3071
94,Papua,Papua,134.96,81009.0,1060.6,13,73.0,17.26,9508.623139955307,7684.050218338301,9,1060600.0,8.965324476669156,0.8725060449224575,21.302733644609617,3.5232156638058045,138.5072,-2.6993
95,Papua Selatan,Papua,142.98,61622.0,542.1,5,67.9,17.44,3133.5354982854105,2126.941006723747,4,542100.0,5.78036432076261,0.31055929425446727,38.73261480001497,4.382425510295568,139.7914,-6.8624
96,Papua Tengah,Papua,209.28,118774.0,1472.9,24,59.75,29.76,6813.034115573311,4001.287679911186,8,1472900.0,4.625591768330037,0.7391213758992079,53.211820830064305,4.5283682254745035,136.7206,-3.8234
97,Papua Pegunungan,Papua,249.12,18105.0,1467.0,29,53.42,32.97,560.565734565258,517.2124214443506,8,1467000.0,0.38211706514332516,0.09675423429642692,8.034359869136765,4.720674658175689,139.3343,-4.3229
