kode_bps,jenis,kode_kemendagri,nama,pulau,provinsi,kode_prov,pdrb_kapita_ribu,pdrb_adhb_miliar,laju_pdrb_pct,ipm,p0,p1,p2,gk,miskin_ribu,ikk,penduduk_2024,kepadatan,luas_km2
1101,Kabupaten,11.09,Kabupaten Simeulue,Sumatera,Aceh,11,31944.0,3151.0,4.43,69.01,17.69,2.62,0.6,576505.0,17.59,108.8,98633.0,48.0,1837.48
1102,Kabupaten,11.10,Kabupaten Aceh Singkil,Sumatera,Aceh,11,25361.0,3441.0,3.46,70.75,19.06,3.06,0.74,609322.0,24.84,94.32,135684.0,62.0,1887.17
1103,Kabupaten,11.01,Kabupaten Aceh Selatan,Sumatera,Aceh,11,30853.0,7466.0,3.21,69.1,12.02,1.57,0.31,528243.0,30.53,98.65,241994.0,63.0,4216.15
1104,Kabupaten,11.02,Kabupaten Aceh Tenggara,Sumatera,Aceh,11,28742.0,6738.0,3.59,71.7,11.99,1.64,0.35,496074.0,27.28,93.43,234430.0,55.0,4146.76
1105,Kabupaten,11.03,Kabupaten Aceh Timur,Sumatera,Aceh,11,33666.0,14935.0,4.63,69.87,13.26,2.04,0.46,557943.0,60.86,95.47,443638.0,71.0,5440.52
1106,Kabupaten,11.04,Kabupaten Aceh Tengah,Sumatera,Aceh,11,47284.0,10721.0,4.98,75.41,14.27,2.12,0.48,626090.0,31.85,100.11,226744.0,53.0,4706.02
1107,Kabupaten,11.05,Kabupaten Aceh Barat,Sumatera,Aceh,11,67948.0,14053.0,7.5,73.69,17.6,3.02,0.75,644009.0,38.79,93.49,206822.0,71.0,2810.08
1108,Kabupaten,11.06,Kabupaten Aceh Besar,Sumatera,Aceh,11,42993.0,18412.0,4.95,75.13,13.21,1.88,0.47,586860.0,58.98,95.73,428254.0,144.0,2897.33
1109,Kabupaten,11.07,Kabupaten Pidie,Sumatera,Aceh,11,32150.0,14549.0,4.15,72.31,18.59,2.14,0.42,607117.0,86.89,92.66,452547.0,147.0,2975.83
1110,Kabupaten,11.11,Kabupaten Bireuen,Sumatera,Aceh,11,40039.0,18381.0,4.52,74.45,12.1,1.69,0.37,494866.0,59.93,94.12,459073.0,241.0,1791.12
1111,Kabupaten,11.08,Kabupaten Aceh Utara,Sumatera,Aceh,11,47602.0,30084.0,3.56,71.7,16.11,2.78,0.7,473719.0,104.49,102.71,631984.0,195.0,2710.33
1112,Kabupaten,11.12,Kabupaten Aceh Barat Daya,Sumatera,Aceh,11,33721.0,5368.0,4.24,68.75,15.32,2.31,0.46,516947.0,24.44,92.68,159187.0,107.0,1893.15
1113,Kabupaten,11.13,Kabupaten Gayo Lues,Sumatera,Aceh,11,33552.0,3583.0,3.26,69.83,18.3,2.76,0.63,557201.0,17.93,94.18,106791.0,19.0,5450.89
1114,Kabupaten,11.16,Kabupaten Aceh Tamiang,Sumatera,Aceh,11,37349.0,11542.0,4.25,72.32,12.17,1.47,0.28,583294.0,37.76,94.91,309039.0,158.0,2143.06
1115,Kabupaten,11.15,Kabupaten Nagan Raya,Sumatera,Aceh,11,70463.0,12432.0,4.38,71.72,16.94,2.3,0.45,635820.0,29.6,97.41,176429.0,52.0,3423.92
1116,Kabupaten,11.14,Kabupaten Aceh Jaya,Sumatera,Aceh,11,36357.0,3607.0,3.83,71.83,12.25,1.39,0.28,536092.0,12.24,98.86,99200.0,26.0,3878.16
1117,Kabupaten,11.17,Kabupaten Bener Meriah,Sumatera,Aceh,11,37903.0,6521.0,3.27,75.01,18.18,3.07,0.8,591421.0,28.37,96.4,172036.0,118.0,1931.73
1118,Kabupaten,11.18,Kabupaten Pidie Jaya,Sumatera,Aceh,11,28383.0,4725.0,4.55,75.16,18.28,3.14,0.73,599755.0,30.95,92.33,166467.0,155.0,942.52
1171,Kota,11.71,Kota Banda Aceh,Sumatera,Aceh,11,98201.0,26025.0,6.08,87.17,6.95,0.71,0.11,862944.0,19.97,94.74,265019.0,4319.0,55.33
1172,Kota,11.72,Kota Sabang,Sumatera,Aceh,11,42813.0,1861.0,4.16,78.32,14.58,2.9,0.8,725956.0,5.17,102.78,43470.0,284.0,122.9
1173,Kota,11.74,Kota Langsa,Sumatera,Aceh,11,37006.0,7324.0,4.43,78.81,10.33,1.52,0.42,546363.0,19.37,92.08,197909.0,754.0,212.46
1174,Kota,11.73,Kota Lhokseumawe,Sumatera,Aceh,11,59122.0,11848.0,4.46,79.55,10.44,1.98,0.67,522671.0,22.77,100.91,200403.0,1107.0,138.14
1175,Kota,11.75,Kota Subulussalam,Sumatera,Aceh,11,27880.0,2762.0,4.12,68.04,16.38,2.11,0.41,504372.0,13.95,97.17,99062.0,71.0,1167.52
1201,Kabupaten,12.04,Kabupaten Nias,Sumatera,Sumatera Utara,12,34085.0,5305.0,3.89,65.55,14.89,1.64,0.34,520024.0,21.74,110.03,155629.0,172.0,862.99
1202,Kabupaten,12.13,Kabupaten Mandailing Natal,Sumatera,Sumatera Utara,12,40129.0,20279.0,4.83,69.33,8.69,1.11,0.21,519553.0,40.56,93.25,505360.0,77.0,6536.62
1203,Kabupaten,12.03,Kabupaten Tapanuli Selatan,Sumatera,Sumatera Utara,12,67227.0,21276.0,5.12,72.14,6.92,0.57,0.08,512480.0,19.9,93.67,316486.0,75.0,4143.0
1204,Kabupaten,12.01,Kabupaten Tapanuli Tengah,Sumatera,Sumatera Utara,12,34619.0,13671.0,4.15,71.52,11.8,1.33,0.21,527227.0,49.21,100.58,394910.0,171.0,2334.3
1205,Kabupaten,12.02,Kabupaten Tapanuli Utara,Sumatera,Sumatera Utara,12,34494.0,11279.0,4.77,75.23,8.21,1.27,0.35,531593.0,25.51,94.53,326993.0,84.0,3712.59
1206,Kabupaten,12.12,Kabupaten Toba,Sumatera,Sumatera Utara,12,47455.0,10284.0,4.84,76.91,8.07,0.89,0.17,531581.0,15.03,94.11,216720.0,95.0,2145.69
1207,Kabupaten,12.10,Kabupaten Labuhanbatu,Sumatera,Sumatera Utara,12,97593.0,50802.0,5.06,74.18,7.84,0.83,0.13,556900.0,42.45,96.25,520545.0,188.0,2731.76
1208,Kabupaten,12.09,Kabupaten Asahan,Sumatera,Sumatera Utara,12,70611.0,57458.0,4.68,72.09,8.12,1.15,0.29,454298.0,61.34,93.06,813720.0,218.0,3781.14
1209,Kabupaten,12.08,Kabupaten Simalungun,Sumatera,Sumatera Utara,12,56003.0,58906.0,4.89,74.97,7.72,0.75,0.12,496959.0,68.05,96.2,1051845.0,229.0,4403.98
1210,Kabupaten,12.11,Kabupaten Dairi,Sumatera,Sumatera Utara,12,38398.0,12694.0,4.97,73.92,7.1,0.79,0.15,502924.0,20.4,101.58,330586.0,159.0,1992.58
1211,Kabupaten,12.06,Kabupaten Karo,Sumatera,Sumatera Utara,12,67690.0,28868.0,4.22,76.55,7.37,0.81,0.18,656812.0,33.44,100.54,426471.0,193.0,2176.22
1212,Kabupaten,12.07,Kabupaten Deli Serdang,Sumatera,Sumatera Utara,12,73934.0,151451.0,5.36,76.92,3.44,0.41,0.12,508139.0,84.24,89.32,2048480.0,794.0,2593.97
1213,Kabupaten,12.05,Kabupaten Langkat,Sumatera,Sumatera Utara,12,57859.0,62411.0,4.98,72.73,9.04,1.18,0.26,507996.0,96.54,94.62,1078676.0,176.0,6239.61
1214,Kabupaten,12.14,Kabupaten Nias Selatan,Sumatera,Sumatera Utara,12,23409.0,9128.0,3.82,65.02,16.32,2.62,0.6,406429.0,54.48,110.59,389957.0,154.0,2500.72
1215,Kabupaten,12.16,Kabupaten Humbang Hasundutan,Sumatera,Sumatera Utara,12,39949.0,8272.0,4.79,71.59,8.44,0.78,0.09,487256.0,16.78,97.48,207076.0,88.0,2531.34
1216,Kabupaten,12.15,Kabupaten Pakpak Bharat,Sumatera,Sumatera Utara,12,30576.0,1719.0,5.02,70.36,6.87,0.8,0.11,412759.0,3.73,99.12,56212.0,41.0,1322.93
1217,Kabupaten,12.17,Kabupaten Samosir,Sumatera,Sumatera Utara,12,42639.0,6100.0,5.02,72.88,11.63,0.98,0.15,455397.0,14.85,103.17,143071.0,77.0,1238.2
1218,Kabupaten,12.18,Kabupaten Serdang Bedagai,Sumatera,Sumatera Utara,12,60743.0,42012.0,5.01,72.47,6.97,1.11,0.28,518209.0,43.0,93.59,691638.0,355.0,1940.54
1219,Kabupaten,12.19,Kabupaten Batu Bara,Sumatera,Sumatera Utara,12,108189.0,47318.0,4.12,70.83,10.94,1.5,0.3,591201.0,47.66,88.66,437360.0,492.0,912.78
1220,Kabupaten,12.20,Kabupaten Padang Lawas Utara,Sumatera,Sumatera Utara,12,63548.0,17831.0,4.99,72.32,8.97,1.33,0.29,502403.0,27.21,93.95,280595.0,71.0,3957.26
1221,Kabupaten,12.21,Kabupaten Padang Lawas,Sumatera,Sumatera Utara,12,65288.0,18330.0,5.02,71.27,7.87,1.12,0.3,483395.0,24.96,93.07,280764.0,72.0,3831.15
1222,Kabupaten,12.22,Kabupaten Labuhan Batu Selatan,Sumatera,Sumatera Utara,12,124517.0,41910.0,4.89,73.67,7.73,0.93,0.16,533535.0,29.19,96.57,336577.0,109.0,3081.49
1223,Kabupaten,12.23,Kabupaten Labuhan Batu Utara,Sumatera,Sumatera Utara,12,89497.0,36582.0,4.24,74.4,8.98,0.89,0.14,607292.0,34.0,95.16,408749.0,111.0,3576.6
1224,Kabupaten,12.24,Kabupaten Nias Utara,Sumatera,Sumatera Utara,12,30190.0,4790.0,3.64,65.62,21.5,4.34,1.28,535575.0,30.53,107.35,158676.0,128.0,1202.58
1225,Kabupaten,12.25,Kabupaten Nias Barat,Sumatera,Sumatera Utara,12,26031.0,2532.0,3.89,64.67,22.68,1.76,0.2,556919.0,18.78,115.36,97251.0,209.0,456.62
1271,Kota,12.73,Kota Sibolga,Sumatera,Sumatera Utara,12,78494.0,7202.0,3.92,75.66,11.39,1.7,0.37,612818.0,9.99,102.94,91747.0,7998.0,10.86
1272,Kota,12.74,Kota Tanjung Balai,Sumatera,Sumatera Utara,12,65758.0,12208.0,4.91,71.1,11.97,1.6,0.33,592573.0,22.25,94.78,185647.0,3090.0,60.77
1273,Kota,12.72,Kota Pematang Siantar,Sumatera,Sumatera Utara,12,62629.0,17352.0,4.61,81.17,7.2,1.26,0.27,709992.0,18.97,92.05,277054.0,3649.0,76.46
1274,Kota,12.76,Kota Tebing Tinggi,Sumatera,Sumatera Utara,12,43514.0,7875.0,3.37,77.45,8.79,1.25,0.29,665016.0,15.31,95.16,180977.0,4620.0,39.93
1275,Kota,12.71,Kota Medan,Sumatera,Sumatera Utara,12,132571.0,329609.0,5.07,82.76,7.94,1.09,0.26,695295.0,187.04,94.2,2486283.0,8902.0,283.33
1276,Kota,12.75,Kota Binjai,Sumatera,Sumatera Utara,12,50750.0,15589.0,4.66,78.1,4.75,0.69,0.14,577220.0,13.86,92.06,307170.0,3276.0,94.21
1277,Kota,12.77,Kota Padangsidimpuan,Sumatera,Sumatera Utara,12,35727.0,8577.0,5.01,76.96,6.23,0.77,0.12,556024.0,14.88,95.61,240067.0,1507.0,134.55
1278,Kota,12.78,Kota Gunungsitoli,Sumatera,Sumatera Utara,12,50415.0,7322.0,3.84,71.41,14.72,1.99,0.38,493644.0,22.16,103.43,145233.0,696.0,311.83
1301,Kabupaten,13.09,Kabupaten Kepulauan Mentawai,Sumatera,Sumatera Barat,13,67335.0,6246.0,3.97,63.99,13.89,1.6,0.35,461088.0,14.19,118.65,92757.0,15.0,6000.68
1302,Kabupaten,13.01,Kabupaten Pesisir Selatan,Sumatera,Sumatera Barat,13,35995.0,19182.0,3.84,72.02,7.49,0.74,0.11,589787.0,36.05,92.61,532913.0,93.0,6100.42
1303,Kabupaten,13.02,Kabupaten Solok,Sumatera,Sumatera Barat,13,44812.0,18392.0,3.91,71.02,7.31,1.09,0.3,569605.0,28.18,94.5,410426.0,110.0,3246.04
1304,Kabupaten,13.03,Kabupaten Sijunjung,Sumatera,Sumatera Barat,13,50609.0,12489.0,3.89,70.23,5.78,0.71,0.13,565067.0,14.99,91.18,246775.0,79.0,3067.75
1305,Kabupaten,13.04,Kabupaten Tanah Datar,Sumatera,Sumatera Barat,13,45066.0,17496.0,3.85,74.9,4.28,0.44,0.07,554665.0,15.0,92.26,388228.0,291.0,1315.22
1306,Kabupaten,13.05,Kabupaten Padang Pariaman,Sumatera,Sumatera Barat,13,58386.0,26809.0,4.57,73.1,6.27,0.78,0.19,580392.0,26.76,88.15,459169.0,345.0,1354.31
1307,Kabupaten,13.06,Kabupaten Agam,Sumatera,Sumatera Barat,13,50019.0,27976.0,4.12,74.66,6.83,0.5,0.07,558963.0,34.82,90.2,559299.0,310.0,2237.91
1308,Kabupaten,13.07,Kabupaten Lima Puluh Kota,Sumatera,Sumatera Barat,13,51985.0,20851.0,4.03,71.14,6.92,0.77,0.16,582794.0,27.72,90.18,401086.0,112.0,3324.12
1309,Kabupaten,13.08,Kabupaten Pasaman,Sumatera,Sumatera Barat,13,38246.0,12165.0,3.95,68.89,6.74,0.79,0.13,515608.0,20.01,90.35,318080.0,81.0,3935.47
1310,Kabupaten,13.11,Kabupaten Solok Selatan,Sumatera,Sumatera Barat,13,38905.0,7588.0,4.09,71.5,6.56,0.94,0.22,551340.0,12.33,91.49,195034.0,58.0,3610.3
1311,Kabupaten,13.10,Kabupaten Dharmasraya,Sumatera,Sumatera Barat,13,58714.0,14328.0,3.86,74.06,5.32,0.64,0.15,622190.0,15.25,91.19,244026.0,82.0,3017.02
1312,Kabupaten,13.12,Kabupaten Pasaman Barat,Sumatera,Sumatera Barat,13,46259.0,21116.0,4.08,70.93,7.0,0.76,0.17,657354.0,34.6,94.6,456467.0,117.0,3737.62
1371,Kota,13.71,Kota Padang,Sumatera,Sumatera Barat,13,88225.0,84183.0,4.65,83.99,4.06,0.25,0.03,736786.0,41.4,94.36,954177.0,1376.0,686.08
1372,Kota,13.72,Kota Solok,Sumatera,Sumatera Barat,13,69988.0,5561.0,4.55,80.0,3.07,0.34,0.07,569869.0,2.4,92.71,79459.0,1115.0,60.87
1373,Kota,13.73,Kota Sawahlunto,Sumatera,Sumatera Barat,13,73598.0,5058.0,4.02,75.13,2.33,0.3,0.08,524196.0,1.52,92.19,68725.0,296.0,238.59
1374,Kota,13.74,Kota Padang Panjang,Sumatera,Sumatera Barat,13,80012.0,4757.0,4.52,80.17,5.31,0.46,0.07,634303.0,3.06,90.3,59453.0,2585.0,21.09
1375,Kota,13.75,Kota Bukittinggi,Sumatera,Sumatera Barat,13,93968.0,11747.0,4.52,82.51,4.08,0.43,0.08,658640.0,5.82,95.45,125015.0,4953.0,23.83
1376,Kota,13.76,Kota Payakumbuh,Sumatera,Sumatera Barat,13,64206.0,9421.0,4.53,80.61,5.19,0.74,0.15,648230.0,7.62,90.32,146731.0,1722.0,75.26
1377,Kota,13.77,Kota Pariaman,Sumatera,Sumatera Barat,13,69170.0,6802.0,4.51,78.88,4.26,0.46,0.08,609286.0,4.01,90.87,98336.0,1487.0,64.71
1401,Kabupaten,14.09,Kabupaten Kuantan Singingi,Sumatera,Riau,14,148878.0,51996.0,3.12,72.33,7.89,0.91,0.2,736050.0,25.56,86.92,349251.0,64.0,5283.7
1402,Kabupaten,14.02,Kabupaten Indragiri Hulu,Sumatera,Riau,14,129125.0,60478.0,3.74,71.48,6.02,0.61,0.09,660349.0,27.53,95.28,468366.0,60.0,8003.81
1403,Kabupaten,14.04,Kabupaten Indragiri Hilir,Sumatera,Riau,14,138693.0,94985.0,3.1,68.38,5.66,0.84,0.22,629570.0,41.05,100.51,684860.0,51.0,13434.19
1404,Kabupaten,14.05,Kabupaten Pelalawan,Sumatera,Riau,14,187221.0,77686.0,4.36,74.08,8.49,1.12,0.21,729977.0,49.2,95.67,414943.0,31.0,13066.78
1405,Kabupaten,14.08,Kabupaten Siak,Sumatera,Riau,14,250381.0,121123.0,4.37,75.45,5.08,0.56,0.08,595659.0,26.72,95.84,483754.0,62.0,7821.29
1406,Kabupaten,14.01,Kabupaten Kampar,Sumatera,Riau,14,130105.0,116424.0,2.72,74.85,6.92,0.91,0.19,590444.0,63.74,94.39,894848.0,86.0,10733.3
1407,Kabupaten,14.06,Kabupaten Rokan Hulu,Sumatera,Riau,14,95447.0,56647.0,2.71,71.82,9.62,0.96,0.18,699018.0,75.89,94.53,593486.0,78.0,7241.14
1408,Kabupaten,14.03,Kabupaten Bengkalis,Sumatera,Riau,14,296914.0,175714.0,0.93,75.28,6.36,0.72,0.12,755572.0,36.56,98.5,591800.0,69.0,8508.7
1409,Kabupaten,14.07,Kabupaten Rokan Hilir,Sumatera,Riau,14,152221.0,102494.0,1.69,71.2,7.01,0.85,0.19,545799.0,53.49,102.43,673323.0,74.0,9178.09
1410,Kabupaten,14.10,Kabupaten Kepulauan Meranti,Sumatera,Riau,14,128527.0,27469.0,3.33,67.92,23.15,3.59,0.88,661863.0,44.34,102.89,213720.0,59.0,3641.1
1471,Kota,14.71,Kota Pekanbaru,Sumatera,Riau,14,166856.0,171307.0,4.61,82.89,3.15,0.34,0.06,749522.0,38.17,90.22,1026671.0,1608.0,625.62
1473,Kota,14.72,Kota Dumai,Sumatera,Riau,14,158148.0,52668.0,5.02,76.19,3.14,0.2,0.03,631652.0,10.02,97.25,333031.0,162.0,2270.12
1501,Kabupaten,15.01,Kabupaten Kerinci,Sumatera,Jambi,15,57339.0,14719.0,4.57,73.11,6.93,1.0,0.24,606095.0,16.83,97.95,256706.0,75.0,3401.92
1502,Kabupaten,15.02,Kabupaten Merangin,Sumatera,Jambi,15,68216.0,25472.0,4.55,71.66,8.4,1.18,0.27,617011.0,33.49,95.59,373409.0,50.0,7418.18
1503,Kabupaten,15.03,Kabupaten Sarolangun,Sumatera,Jambi,15,74063.0,22701.0,3.7,72.01,8.36,1.09,0.21,607306.0,26.54,94.04,306514.0,52.0,5870.54
1504,Kabupaten,15.04,Kabupaten Batang Hari,Sumatera,Jambi,15,82609.0,26150.0,2.99,71.67,8.63,1.34,0.28,613093.0,23.74,90.1,316550.0,59.0,5463.89
1505,Kabupaten,15.05,Kabupaten Muaro Jambi,Sumatera,Jambi,15,95332.0,40476.0,6.17,71.91,3.65,0.48,0.1,617948.0,17.48,96.85,424579.0,81.0,5418.16
1506,Kabupaten,15.07,Kabupaten Tanjung Jabung Timur,Sumatera,Jambi,15,114222.0,27296.0,4.73,67.54,10.14,2.32,0.76,592432.0,21.86,101.04,238975.0,53.0,4951.38
1507,Kabupaten,15.06,Kabupaten Tanjung Jabung Barat,Sumatera,Jambi,15,166332.0,55733.0,4.45,69.93,9.54,1.17,0.24,575337.0,33.12,101.51,335069.0,60.0,4929.38
1508,Kabupaten,15.09,Kabupaten Tebo,Sumatera,Jambi,15,67299.0,23909.0,3.97,71.32,6.12,0.73,0.12,590573.0,22.48,91.68,355262.0,58.0,6268.87
1509,Kabupaten,15.08,Kabupaten Bungo,Sumatera,Jambi,15,71750.0,27356.0,3.3,71.92,5.06,0.4,0.06,607714.0,20.04,89.12,381272.0,80.0,4692.87
1571,Kota,15.71,Kota Jambi,Sumatera,Jambi,15,68297.0,43375.0,4.98,81.04,7.73,0.96,0.23,757014.0,47.25,94.24,635101.0,3738.0,171.49
1572,Kota,15.72,Kota Sungai Penuh,Sumatera,Jambi,15,101944.0,10281.0,5.1,77.4,2.92,0.33,0.07,610141.0,2.6,97.3,100847.0,276.0,352.75
1601,Kabupaten,16.01,Kabupaten Ogan Komering Ulu,Sumatera,Sumatera Selatan,16,53428.0,20465.0,5.06,71.55,10.68,1.0,0.13,563523.0,41.54,83.37,383039.0,101.0,3866.8
1602,Kabupaten,16.02,Kabupaten Ogan Komering Ilir,Sumatera,Sumatera Selatan,16,57799.0,46649.0,5.13,69.33,12.08,1.62,0.39,473057.0,106.37,93.42,807085.0,47.0,17944.16
1603,Kabupaten,16.03,Kabupaten Muara Enim,Sumatera,Sumatera Selatan,16,182108.0,116724.0,5.89,71.0,9.79,2.14,0.64,491107.0,66.42,94.79,640962.0,95.0,6751.48
1604,Kabupaten,16.04,Kabupaten Lahat,Sumatera,Sumatera Selatan,16,66582.0,29981.0,5.11,69.77,14.14,2.13,0.53,582041.0,60.19,85.48,450281.0,104.0,4233.05
1605,Kabupaten,16.05,Kabupaten Musi Rawas,Sumatera,Sumatera Selatan,16,61857.0,25472.0,4.95,68.95,13.44,1.87,0.4,589926.0,57.44,90.62,411787.0,67.0,6320.22
1606,Kabupaten,16.06,Kabupaten Musi Banyuasin,Sumatera,Sumatera Selatan,16,142138.0,92667.0,4.94,70.12,12.88,2.02,0.43,594355.0,88.94,92.7,651950.0,45.0,14755.87
1607,Kabupaten,16.07,Kabupaten Banyu Asin,Sumatera,Sumatera Selatan,16,44734.0,39630.0,5.14,69.51,9.31,1.66,0.44,539283.0,84.36,93.46,885902.0,72.0,11103.64
1608,Kabupaten,16.09,Kabupaten Ogan Komering Ulu Selatan,Sumatera,Sumatera Selatan,16,27724.0,11908.0,4.58,67.65,9.86,1.68,0.38,436420.0,37.81,89.75,429535.0,126.0,4232.23
1609,Kabupaten,16.08,Kabupaten Ogan Komering Ulu Timur,Sumatera,Sumatera Selatan,16,31504.0,21240.0,5.12,71.55,9.75,0.72,0.09,434534.0,68.74,92.51,674184.0,154.0,3395.79
1610,Kabupaten,16.10,Kabupaten Ogan Ilir,Sumatera,Sumatera Selatan,16,34945.0,15241.0,4.81,69.4,12.3,1.49,0.33,589012.0,55.49,87.91,436141.0,189.0,2384.26
1611,Kabupaten,16.11,Kabupaten Empat Lawang,Sumatera,Sumatera Selatan,16,19448.0,6722.0,4.44,67.25,10.78,1.51,0.32,421747.0,28.42,89.46,345641.0,155.0,2390.41
1612,Kabupaten,16.12,Kabupaten Penukal Abab Lematang Ilir,Sumatera,Sumatera Selatan,16,45701.0,9386.0,4.98,67.48,9.82,0.62,0.09,503822.0,19.79,93.56,205384.0,111.0,1923.48
1613,Kabupaten,16.13,Kabupaten Musi Rawas Utara,Sumatera,Sumatera Selatan,16,48869.0,9696.0,4.52,67.4,17.38,3.07,0.78,638089.0,35.29,93.81,198413.0,33.0,5833.84
1671,Kota,16.71,Kota Palembang,Sumatera,Sumatera Selatan,16,121154.0,208197.0,5.13,80.57,9.77,1.66,0.4,660932.0,173.59,85.89,1718440.0,4875.0,367.8
1672,Kota,16.74,Kota Prabumulih,Sumatera,Sumatera Selatan,16,51808.0,10533.0,5.01,77.08,10.13,1.47,0.36,650002.0,20.41,89.82,203312.0,455.0,406.65
1673,Kota,16.72,Kota Pagar Alam,Sumatera,Sumatera Selatan,16,25543.0,3811.0,5.05,71.19,8.18,1.0,0.16,427007.0,11.82,93.79,149199.0,238.0,590.77
1674,Kota,16.73,Kota Lubuklinggau,Sumatera,Sumatera Selatan,16,35432.0,8718.0,4.62,76.82,11.14,1.43,0.28,598850.0,27.65,91.18,246046.0,669.0,366.95
1701,Kabupaten,17.01,Kabupaten Bengkulu Selatan,Sumatera,Bengkulu,17,45375.0,7864.0,4.37,72.35,17.1,2.91,0.77,492627.0,31.8,95.51,173315.0,142.04,1227.06
1702,Kabupaten,17.02,Kabupaten Rejang Lebong,Sumatera,Bengkulu,17,45238.0,13066.0,4.29,72.92,14.65,1.99,0.38,595125.0,41.16,93.15,288832.0,186.46,1506.95
1703,Kabupaten,17.03,Kabupaten Bengkulu Utara,Sumatera,Bengkulu,17,41214.0,12782.0,4.43,71.11,10.96,1.03,0.18,484432.0,34.52,91.0,310125.0,69.19,4434.98
1704,Kabupaten,17.04,Kabupaten Kaur,Sumatera,Bengkulu,17,37416.0,4964.0,4.15,68.98,17.12,2.54,0.61,432939.0,21.75,97.76,132659.0,50.85,2541.25
1705,Kabupaten,17.05,Kabupaten Seluma,Sumatera,Bengkulu,17,29171.0,6345.0,4.06,68.97,17.23,2.43,0.49,502739.0,35.08,95.39,217507.0,89.41,2453.48
1706,Kabupaten,17.06,Kabupaten Mukomuko,Sumatera,Bengkulu,17,37513.0,7566.0,4.05,70.63,10.76,1.56,0.32,566069.0,20.88,99.2,201700.0,48.74,4259.25
1707,Kabupaten,17.07,Kabupaten Lebong,Sumatera,Bengkulu,17,40991.0,4581.0,4.3,69.27,10.45,1.3,0.27,532432.0,12.51,93.63,111750.0,67.05,1666.2
1708,Kabupaten,17.08,Kabupaten Kepahiang,Sumatera,Bengkulu,17,40072.0,6265.0,4.28,70.27,12.9,2.13,0.49,488445.0,18.73,90.08,156353.0,208.64,705.62
1709,Kabupaten,17.09,Kabupaten Bengkulu Tengah,Sumatera,Bengkulu,17,55284.0,6782.0,3.97,69.84,10.14,1.18,0.2,582468.0,11.98,92.01,122673.0,108.34,1044.95
1771,Kota,17.71,Kota Bengkulu,Sumatera,Bengkulu,17,83430.0,33148.0,5.39,82.04,13.76,2.39,0.71,820354.0,52.96,94.72,397321.0,2643.34,186.64
1801,Kabupaten,18.04,Kabupaten Lampung Barat,Sumatera,Lampung,18,31347.0,9903.0,4.36,69.84,10.68,1.51,0.4,563531.0,33.43,92.22,315923.0,150.0,2420.81
1802,Kabupaten,18.06,Kabupaten Tanggamus,Sumatera,Lampung,18,31621.0,21198.0,4.01,68.52,10.28,1.42,0.35,496000.0,64.22,87.91,670367.0,227.0,2775.19
1803,Kabupaten,18.01,Kabupaten Lampung Selatan,Sumatera,Lampung,18,53891.0,60321.0,4.62,70.28,12.57,1.94,0.46,528226.0,132.38,88.62,1119314.0,503.0,2166.91
1804,Kabupaten,18.07,Kabupaten Lampung Timur,Sumatera,Lampung,18,49274.0,56851.0,4.62,71.84,13.19,1.57,0.29,497183.0,142.7,85.93,1153773.0,299.0,3914.34
1805,Kabupaten,18.02,Kabupaten Lampung Tengah,Sumatera,Lampung,18,63664.0,97093.0,4.62,72.37,10.37,1.66,0.4,526313.0,137.41,86.72,1525088.0,334.0,4616.14
1806,Kabupaten,18.03,Kabupaten Lampung Utara,Sumatera,Lampung,18,48212.0,31815.0,4.1,69.62,16.92,2.3,0.51,544994.0,105.91,88.77,659887.0,247.0,2552.61
1807,Kabupaten,18.08,Kabupaten Way Kanan,Sumatera,Lampung,18,38656.0,19222.0,4.65,69.31,10.43,1.57,0.36,464717.0,48.88,89.19,497260.0,141.0,3650.97
1808,Kabupaten,18.05,Kabupaten Tulangbawang,Sumatera,Lampung,18,67725.0,30499.0,4.75,70.66,7.88,0.82,0.17,560324.0,37.46,90.65,450336.0,145.0,3092.74
1809,Kabupaten,18.09,Kabupaten Pesawaran,Sumatera,Lampung,18,43308.0,21667.0,3.9,68.52,11.86,1.7,0.36,524588.0,55.01,85.36,500298.0,388.0,1359.1
1810,Kabupaten,18.10,Kabupaten Pringsewu,Sumatera,Lampung,18,35552.0,15098.0,4.58,72.29,8.32,0.92,0.16,583425.0,34.42,88.05,424679.0,688.0,603.72
1811,Kabupaten,18.11,Kabupaten Mesuji,Sumatera,Lampung,18,58582.0,14153.0,4.58,66.46,6.31,0.83,0.16,555729.0,12.91,92.43,241600.0,110.0,2176.29
1812,Kabupaten,18.12,Kabupaten Tulang Bawang Barat,Sumatera,Lampung,18,52210.0,15595.0,4.55,68.46,7.22,0.87,0.19,544020.0,20.35,93.52,298696.0,238.0,1306.48
1813,Kabupaten,18.13,Kabupaten Pesisir Barat,Sumatera,Lampung,18,35622.0,6138.0,2.61,66.73,12.64,2.1,0.49,566040.0,20.22,95.14,172316.0,59.0,2684.44
1871,Kota,18.71,Kota Bandar Lampung,Sumatera,Lampung,18,65759.0,79853.0,4.97,79.19,7.37,0.97,0.21,787260.0,83.88,86.01,1214333.0,6609.0,175.81
1872,Kota,18.72,Kota Metro,Sumatera,Lampung,18,48264.0,8480.0,4.88,78.93,6.78,0.77,0.15,503161.0,12.07,86.9,175712.0,2400.0,77.78
1901,Kabupaten,19.01,Kabupaten Bangka,Sumatera,Kepulauan Bangka Belitung,19,58480.0,20003.0,-0.44,73.98,4.24,0.62,0.14,723719.0,14.76,106.79,342058.0,113.0,3016.29
1902,Kabupaten,19.02,Kabupaten Belitung,Sumatera,Kepulauan Bangka Belitung,19,73933.0,14151.0,1.84,74.47,6.11,0.96,0.24,919372.0,11.97,103.8,191405.0,84.0,2311.69
1903,Kabupaten,19.05,Kabupaten Bangka Barat,Sumatera,Kepulauan Bangka Belitung,19,91208.0,19684.0,5.47,70.67,2.59,0.52,0.16,720398.0,5.71,104.98,215818.0,60.0,2887.53
1904,Kabupaten,19.04,Kabupaten Bangka Tengah,Sumatera,Kepulauan Bangka Belitung,19,56134.0,11815.0,-0.34,71.9,5.94,0.66,0.17,856895.0,12.04,102.59,210482.0,93.0,2125.7
1905,Kabupaten,19.03,Kabupaten Bangka Selatan,Sumatera,Kepulauan Bangka Belitung,19,57695.0,12029.0,0.9,68.86,3.74,0.27,0.07,697382.0,8.1,104.17,208491.0,73.0,3706.37
1906,Kabupaten,19.06,Kabupaten Belitung Timur,Sumatera,Kepulauan Bangka Belitung,19,82609.0,10973.0,-0.03,73.19,6.36,0.64,0.15,907577.0,8.5,105.22,132835.0,51.0,2554.18
1971,Kota,19.71,Kota Pangkalpinang,Sumatera,Kepulauan Bangka Belitung,19,82188.0,18940.0,-2.3,80.4,4.04,0.68,0.19,925522.0,8.87,110.21,230441.0,2204.0,104.59
2101,Kabupaten,21.02,Kabupaten Karimun,Sumatera,Kepulauan Riau,21,69608.0,18331.0,6.45,74.28,5.78,0.99,0.21,492654.0,13.99,108.15,263344.0,283.0,921.55
2102,Kabupaten,21.01,Kabupaten Bintan,Sumatera,Kepulauan Riau,21,180544.0,30366.0,8.89,76.18,5.44,0.61,0.13,496764.0,9.17,105.63,168190.0,128.0,1336.2
2103,Kabupaten,21.03,Kabupaten Natuna,Sumatera,Kepulauan Riau,21,264903.0,22693.0,-3.57,74.56,5.04,0.31,0.03,501927.0,4.17,116.22,85664.0,43.0,1987.87
2104,Kabupaten,21.04,Kabupaten Lingga,Sumatera,Kepulauan Riau,21,54936.0,5604.0,4.42,68.19,9.99,1.25,0.37,562906.0,9.02,111.31,102006.0,46.0,2207.53
2105,Kabupaten,21.05,Kabupaten Kepulauan Anambas,Sumatera,Kepulauan Riau,21,362072.0,18005.0,-5.67,70.93,6.67,0.94,0.18,504332.0,2.98,126.75,49728.0,79.0,637.38
2171,Kota,21.71,Kota Batam,Sumatera,Kepulauan Riau,21,182507.0,233048.0,6.69,82.86,4.85,0.65,0.12,903960.0,83.57,110.64,1276928.0,1234.0,1010.98
2172,Kota,21.72,Kota Tanjung Pinang,Sumatera,Kepulauan Riau,21,105384.0,25022.0,3.78,80.63,6.86,0.86,0.14,798218.0,15.39,106.28,237432.0,1579.0,148.28
3101,Kabupaten,31.01,Kabupaten Kepulauan Seribu,Jawa,DKI Jakarta,31,281266.0,8103.0,-1.11,74.17,13.03,1.0,0.13,775909.0,3.49,122.21,28809.0,2686.0,10.78
3171,Kota,31.74,Kota Jakarta Selatan,Jawa,DKI Jakarta,31,381187.0,850297.0,5.17,86.94,3.03,0.27,0.05,928278.0,70.6,112.22,2230653.0,15390.0,144.81
3172,Kota,31.75,Kota Jakarta Timur,Jawa,DKI Jakarta,31,204344.0,630609.0,4.49,84.65,4.09,0.33,0.07,697472.0,121.52,109.6,3086010.0,16633.0,184.66
3173,Kota,31.71,Kota Jakarta Pusat,Jawa,DKI Jakarta,31,883715.0,922861.0,5.14,83.01,4.63,0.57,0.12,818722.0,42.33,119.14,1044297.0,21955.0,47.89
3174,Kota,31.73,Kota Jakarta Barat,Jawa,DKI Jakarta,31,253217.0,627870.0,5.27,83.64,3.94,0.26,0.04,685071.0,106.48,113.41,2479571.0,19837.0,125.47
3175,Kota,31.72,Kota Jakarta Utara,Jawa,DKI Jakarta,31,369121.0,670179.0,4.29,81.39,6.44,1.01,0.26,712835.0,120.51,112.64,1815606.0,12333.0,140.26
3201,Kabupaten,32.01,Kabupaten Bogor,Jawa,Jawa Barat,32,54857.0,311713.0,5.21,72.39,7.05,1.08,0.26,513512.0,446.79,115.39,5682303.0,1899.0,2993.32
3202,Kabupaten,32.02,Kabupaten Sukabumi,Jawa,Jawa Barat,32,31167.0,88142.0,5.15,68.97,6.87,0.88,0.2,416751.0,175.93,103.12,2828024.0,679.0,4164.15
3203,Kabupaten,32.03,Kabupaten Cianjur,Jawa,Jawa Barat,32,24914.0,64404.0,5.14,67.24,10.14,1.58,0.41,466509.0,239.3,103.18,2584994.0,712.0,3592.53
3204,Kabupaten,32.04,Kabupaten Bandung,Jawa,Jawa Barat,32,44126.0,165609.0,5.04,74.27,6.19,0.61,0.09,455636.0,239.87,111.3,3753116.0,2156.0,1754.47
3205,Kabupaten,32.05,Kabupaten Garut,Jawa,Jawa Barat,32,29012.0,78825.0,4.95,68.79,9.68,1.41,0.29,393464.0,259.32,102.23,2716950.0,876.0,3089.22
3206,Kabupaten,32.06,Kabupaten Tasikmalaya,Jawa,Jawa Barat,32,25916.0,49783.0,4.64,68.36,10.23,1.01,0.15,400148.0,186.75,98.5,1920921.0,710.0,2695.22
3207,Kabupaten,32.07,Kabupaten Ciamis,Jawa,Jawa Barat,32,34336.0,43237.0,4.97,72.56,7.39,0.99,0.2,467497.0,90.79,99.55,1259226.0,789.0,1593.41
3208,Kabupaten,32.08,Kabupaten Kuningan,Jawa,Jawa Barat,32,29273.0,35536.0,5.61,71.26,11.88,2.02,0.53,420867.0,131.83,98.27,1213927.0,1018.0,1185.61
3209,Kabupaten,32.09,Kabupaten Cirebon,Jawa,Jawa Barat,32,28140.0,67196.0,5.83,71.44,11.0,1.69,0.36,475046.0,245.92,104.51,2387961.0,2228.0,1068.34
3210,Kabupaten,32.10,Kabupaten Majalengka,Jawa,Jawa Barat,32,34234.0,46303.0,6.38,69.74,10.82,1.76,0.45,547912.0,134.58,102.13,1352541.0,1017.0,1340.68
3211,Kabupaten,32.11,Kabupaten Sumedang,Jawa,Jawa Barat,32,39699.0,47128.0,4.05,73.73,9.1,1.6,0.45,422714.0,108.89,103.47,1187133.0,758.0,1557.52
3212,Kabupaten,32.12,Kabupaten Indramayu,Jawa,Jawa Barat,32,55166.0,105589.0,2.18,69.83,11.93,2.05,0.54,560159.0,212.14,104.92,1914037.0,922.0,2083.19
3213,Kabupaten,32.13,Kabupaten Subang,Jawa,Jawa Barat,32,33037.0,54946.0,4.81,71.36,9.49,1.63,0.46,434161.0,152.56,105.33,1663156.0,768.0,2171.0
3214,Kabupaten,32.14,Kabupaten Purwakarta,Jawa,Jawa Barat,32,84024.0,88255.0,4.64,72.65,8.41,1.37,0.35,467948.0,81.44,104.89,1050344.0,1058.0,988.85
3215,Kabupaten,32.15,Kabupaten Karawang,Jawa,Jawa Barat,32,121298.0,309843.0,4.2,72.9,7.86,1.18,0.28,597345.0,187.77,108.74,2554384.0,1335.0,1914.19
3216,Kabupaten,32.16,Kabupaten Bekasi,Jawa,Jawa Barat,32,128693.0,421324.0,5.17,76.44,4.8,0.7,0.17,674924.0,204.54,108.56,3273868.0,2617.0,1267.89
3217,Kabupaten,32.17,Kabupaten Bandung Barat,Jawa,Jawa Barat,32,32500.0,61236.0,4.94,70.03,10.49,1.17,0.23,455325.0,179.7,111.02,1884191.0,1468.0,1276.94
3218,Kabupaten,32.18,Kabupaten Pangandaran,Jawa,Jawa Barat,32,35647.0,15475.0,5.12,69.85,8.75,1.23,0.29,470068.0,35.95,92.92,434104.0,385.0,1133.23
3271,Kota,32.71,Kota Bogor,Jawa,Jawa Barat,32,56616.0,61052.0,5.15,78.52,6.53,0.95,0.24,699861.0,73.93,112.47,1078351.0,9683.0,111.74
3272,Kota,32.72,Kota Sukabumi,Jawa,Jawa Barat,32,44760.0,16370.0,5.11,76.85,7.2,0.88,0.18,678258.0,24.1,102.8,365735.0,7571.0,48.95
3273,Kota,32.73,Kota Bandung,Jawa,Jawa Barat,32,147081.0,371846.0,4.99,83.52,3.87,0.6,0.14,614707.0,101.1,117.19,2528163.0,15176.0,168.05
3274,Kota,32.74,Kota Cirebon,Jawa,Jawa Barat,32,88560.0,30540.0,5.02,77.08,9.02,1.18,0.25,545592.0,29.17,105.18,344851.0,8744.0,39.78
3275,Kota,32.75,Kota Bekasi,Jawa,Jawa Barat,32,48922.0,129352.0,5.19,83.54,4.01,0.8,0.21,842927.0,128.84,106.59,2644058.0,12411.0,214.09
3276,Kota,32.76,Kota Depok,Jawa,Jawa Barat,32,43515.0,94150.0,5.47,82.91,2.34,0.34,0.07,843893.0,62.6,109.97,2163635.0,10823.0,199.73
3277,Kota,32.77,Kota Cimahi,Jawa,Jawa Barat,32,72528.0,43423.0,5.26,80.08,4.39,0.83,0.21,612567.0,27.0,112.94,598698.0,14110.0,41.15
3278,Kota,32.78,Kota Tasikmalaya,Jawa,Jawa Barat,32,39445.0,29613.0,5.22,75.04,11.1,1.35,0.26,565377.0,76.71,103.86,750727.0,4081.0,183.92
3279,Kota,32.79,Kota Banjar,Jawa,Jawa Barat,32,26451.0,5549.0,5.48,73.64,5.85,1.03,0.29,430590.0,11.16,98.04,209791.0,1601.0,130.48
3301,Kabupaten,33.01,Kabupaten Cilacap,Jawa,Jawa Tengah,33,67077.0,135991.0,2.65,72.38,10.68,1.59,0.35,441093.0,186.08,101.76,2027379.0,901.0,2345.17
3302,Kabupaten,33.02,Kabupaten Banyumas,Jawa,Jawa Tengah,33,40151.0,74163.0,5.29,74.52,11.95,2.09,0.5,500861.0,207.78,100.9,1847097.0,1391.0,1389.83
3303,Kabupaten,33.03,Kabupaten Purbalingga,Jawa,Jawa Tengah,33,32147.0,33357.0,4.55,70.69,14.18,2.1,0.5,460870.0,136.72,99.9,1037637.0,1334.0,807.99
3304,Kabupaten,33.04,Kabupaten Banjarnegara,Jawa,Jawa Tengah,33,27640.0,29231.0,5.11,69.6,14.71,2.38,0.61,398344.0,137.68,100.41,1057562.0,993.0,1149.19
3305,Kabupaten,33.05,Kabupaten Kebumen,Jawa,Jawa Tengah,33,27288.0,38605.0,5.3,71.93,15.71,2.35,0.48,471824.0,187.95,98.3,1414754.0,1060.0,1330.7
3306,Kabupaten,33.06,Kabupaten Purworejo,Jawa,Jawa Tengah,33,31195.0,24801.0,4.79,75.11,10.87,1.08,0.18,459253.0,78.02,99.38,795033.0,768.0,1089.8
3307,Kabupaten,33.07,Kabupaten Wonosobo,Jawa,Jawa Tengah,33,27190.0,25028.0,4.57,69.82,15.28,2.41,0.6,456351.0,121.49,99.74,920506.0,935.0,993.86
3308,Kabupaten,33.08,Kabupaten Magelang,Jawa,Jawa Tengah,33,32604.0,43736.0,5.06,71.99,10.83,1.23,0.23,431289.0,143.8,99.28,1341447.0,1236.0,1131.22
3309,Kabupaten,33.09,Kabupaten Boyolali,Jawa,Jawa Tengah,33,41691.0,45853.0,4.64,75.96,9.63,1.56,0.4,442071.0,95.96,100.85,1099850.0,1017.0,1084.93
3310,Kabupaten,33.10,Kabupaten Klaten,Jawa,Jawa Tengah,33,42736.0,55249.0,5.11,78.16,12.04,1.46,0.27,505826.0,141.84,100.31,1292800.0,1846.0,701.28
3311,Kabupaten,33.11,Kabupaten Sukoharjo,Jawa,Jawa Tengah,33,53085.0,49987.0,4.97,79.3,7.47,1.21,0.31,501693.0,68.15,100.45,941650.0,2018.0,493.55
3312,Kabupaten,33.12,Kabupaten Wonogiri,Jawa,Jawa Tengah,33,37720.0,39762.0,4.93,72.55,10.71,1.53,0.33,443563.0,102.57,100.13,1054145.0,588.0,1922.75
3313,Kabupaten,33.13,Kabupaten Karanganyar,Jawa,Jawa Tengah,33,53364.0,51332.0,5.54,78.11,9.59,1.63,0.41,491551.0,87.37,103.37,961909.0,1253.0,803.79
3314,Kabupaten,33.14,Kabupaten Sragen,Jawa,Jawa Tengah,33,52185.0,52434.0,5.39,75.53,12.41,2.42,0.67,453663.0,110.65,101.67,1004761.0,1010.0,977.78
3315,Kabupaten,33.15,Kabupaten Grobogan,Jawa,Jawa Tengah,33,24898.0,37506.0,5.41,72.02,11.43,1.9,0.43,489208.0,159.0,102.22,1506374.0,762.0,2030.28
3316,Kabupaten,33.16,Kabupaten Blora,Jawa,Jawa Tengah,33,36599.0,33231.0,3.06,71.39,11.42,1.59,0.32,464959.0,99.14,103.85,907993.0,464.0,1948.76
3317,Kabupaten,33.17,Kabupaten Rembang,Jawa,Jawa Tengah,33,38775.0,25794.0,5.08,72.53,14.02,2.76,0.84,518607.0,91.45,102.46,665237.0,641.0,1039.32
3318,Kabupaten,33.18,Kabupaten Pati,Jawa,Jawa Tengah,33,43051.0,59015.0,5.13,74.1,9.17,1.17,0.25,559499.0,116.84,104.52,1370821.0,871.0,1581.53
3319,Kabupaten,33.19,Kabupaten Kudus,Jawa,Jawa Tengah,33,145600.0,128612.0,2.78,77.22,7.23,1.02,0.24,550075.0,65.69,104.64,883322.0,2077.0,435.53
3320,Kabupaten,33.20,Kabupaten Jepara,Jawa,Jawa Tengah,33,32902.0,40564.0,4.22,74.32,6.09,0.71,0.15,503832.0,80.84,104.76,1232880.0,1228.0,1022.96
3321,Kabupaten,33.21,Kabupaten Demak,Jawa,Jawa Tengah,33,28300.0,35459.0,5.06,74.57,11.89,1.95,0.56,535134.0,142.92,104.26,1252970.0,1396.0,1002.43
3322,Kabupaten,33.22,Kabupaten Semarang,Jawa,Jawa Tengah,33,60182.0,65585.0,4.73,75.67,6.96,0.91,0.18,520639.0,76.87,105.78,1089767.0,1147.0,1003.92
3323,Kabupaten,33.23,Kabupaten Temanggung,Jawa,Jawa Tengah,33,35494.0,28924.0,5.04,71.87,8.67,0.97,0.18,416086.0,68.77,99.95,814879.0,936.0,872.87
3324,Kabupaten,33.24,Kabupaten Kendal,Jawa,Jawa Tengah,33,55256.0,58837.0,5.42,74.34,9.35,0.91,0.15,488940.0,92.71,102.28,1064812.0,1062.0,1001.45
3325,Kabupaten,33.25,Kabupaten Batang,Jawa,Jawa Tengah,33,36256.0,30389.0,6.03,70.74,8.73,1.25,0.27,412196.0,68.85,101.8,838187.0,978.0,859.26
3326,Kabupaten,33.26,Kabupaten Pekalongan,Jawa,Jawa Tengah,33,29660.0,30224.0,5.02,71.84,8.95,1.16,0.23,505520.0,81.72,101.29,1019006.0,1219.0,892.62
3327,Kabupaten,33.27,Kabupaten Pemalang,Jawa,Jawa Tengah,33,22631.0,34889.0,5.11,68.55,14.92,2.56,0.61,493593.0,194.2,104.1,1541685.0,1382.0,1137.35
3328,Kabupaten,33.28,Kabupaten Tegal,Jawa,Jawa Tengah,33,28494.0,47721.0,5.07,70.77,6.81,0.97,0.22,497315.0,98.02,101.18,1674803.0,1702.0,994.72
3329,Kabupaten,33.29,Kabupaten Brebes,Jawa,Jawa Tengah,33,30039.0,62045.0,5.02,68.46,15.6,2.5,0.55,542495.0,283.28,104.48,2065501.0,1167.0,1754.38
3371,Kota,33.71,Kota Magelang,Jawa,Jawa Tengah,33,96560.0,11822.0,5.56,82.15,5.94,0.92,0.19,626614.0,7.25,98.85,122431.0,6600.0,17.87
3372,Kota,33.72,Kota Surakarta,Jawa,Jawa Tengah,33,122530.0,64701.0,5.61,84.4,8.31,1.14,0.26,638102.0,43.28,103.08,528044.0,11283.0,46.27
3373,Kota,33.73,Kota Salatiga,Jawa,Jawa Tengah,33,89826.0,18079.0,5.37,85.72,4.57,0.61,0.11,596659.0,9.33,104.58,201270.0,3661.0,53.08
3374,Kota,33.74,Kota Semarang,Jawa,Jawa Tengah,33,156570.0,267551.0,5.62,85.25,4.03,0.59,0.12,671936.0,77.79,105.04,1708833.0,4572.0,385.67
3375,Kota,33.75,Kota Pekalongan,Jawa,Jawa Tengah,33,45989.0,14767.0,5.34,77.22,6.71,0.84,0.17,605312.0,21.16,103.37,321095.0,7096.0,45.63
3376,Kota,33.76,Kota Tegal,Jawa,Jawa Tengah,33,72279.0,20661.0,5.22,77.43,7.64,1.34,0.32,664922.0,19.17,104.5,285843.0,7200.0,38.94
3401,Kabupaten,34.01,Kabupaten Kulon Progo,Jawa,DI Yogyakarta,34,37977.0,16912.0,4.77,76.14,15.62,2.48,0.62,438007.0,71.48,102.56,445315.0,763.0,574.98
3402,Kabupaten,34.02,Kabupaten Bantul,Jawa,DI Yogyakarta,34,35843.0,36479.0,5.04,81.74,11.66,2.18,0.56,510740.0,126.93,105.13,1017750.0,2024.0,515.63
3403,Kabupaten,34.03,Kabupaten Gunungkidul,Jawa,DI Yogyakarta,34,35504.0,26705.0,4.81,71.89,15.18,2.56,0.65,401209.0,120.41,107.97,752188.0,507.0,1474.24
3404,Kabupaten,34.04,Kabupaten Sleman,Jawa,DI Yogyakarta,34,54501.0,63683.0,5.19,85.61,7.46,1.21,0.27,513926.0,97.94,106.63,1168471.0,2052.0,574.64
3471,Kota,34.71,Kota Yogyakarta,Jawa,DI Yogyakarta,34,131433.0,49390.0,5.05,88.77,6.26,0.76,0.14,686973.0,28.79,102.25,375779.0,11562.0,32.91
3501,Kabupaten,35.01,Kabupaten Pacitan,Jawa,Jawa Timur,35,35096.0,20657.0,4.34,70.74,13.08,1.49,0.25,370643.0,73.03,91.07,588569.0,411.0,1418.62
3502,Kabupaten,35.02,Kabupaten Ponorogo,Jawa,Jawa Timur,35,28088.0,27047.0,4.74,73.01,9.11,1.02,0.17,413619.0,80.05,97.17,962941.0,679.0,1416.63
3503,Kabupaten,35.03,Kabupaten Trenggalek,Jawa,Jawa Timur,35,32726.0,24365.0,4.71,72.24,10.5,1.43,0.28,434146.0,73.75,97.25,744516.0,596.0,1248.08
3504,Kabupaten,35.04,Kabupaten Tulungagung,Jawa,Jawa Timur,35,46009.0,51247.0,4.86,75.09,6.28,0.6,0.1,447793.0,66.42,93.25,1113847.0,973.0,1150.4
3505,Kabupaten,35.05,Kabupaten Blitar,Jawa,Jawa Timur,35,37811.0,47779.0,4.44,73.09,8.16,0.8,0.12,408399.0,95.91,90.03,1263645.0,724.0,1754.04
3506,Kabupaten,35.06,Kabupaten Kediri,Jawa,Jawa Timur,35,32339.0,54650.0,4.95,74.44,9.95,1.22,0.24,403621.0,159.27,91.51,1689916.0,1109.0,1522.99
3507,Kabupaten,35.07,Kabupaten Malang,Jawa,Jawa Timur,35,50593.0,138423.0,4.96,72.68,8.98,0.98,0.16,420334.0,240.14,98.86,2735993.0,788.0,3456.83
3508,Kabupaten,35.08,Kabupaten Lumajang,Jawa,Jawa Timur,35,37579.0,43059.0,4.52,68.8,8.65,1.23,0.26,405136.0,91.05,91.96,1145849.0,638.0,1810.39
3509,Kabupaten,35.09,Kabupaten Jember,Jawa,Jawa Timur,35,39464.0,102758.0,4.86,69.15,9.01,1.01,0.18,459043.0,224.77,93.28,2603817.0,786.0,3306.44
3510,Kabupaten,35.10,Kabupaten Banyuwangi,Jawa,Jawa Timur,35,62086.0,108923.0,4.68,73.11,6.54,0.44,0.06,470713.0,106.61,96.67,1754393.0,488.0,3603.0
3511,Kabupaten,35.11,Kabupaten Bondowoso,Jawa,Jawa Timur,35,33501.0,26543.0,4.87,68.65,12.6,1.51,0.28,517741.0,99.62,93.02,792309.0,510.0,1555.44
3512,Kabupaten,35.12,Kabupaten Situbondo,Jawa,Jawa Timur,35,38677.0,27102.0,4.81,69.75,11.51,1.19,0.18,413611.0,80.17,91.91,700719.0,424.0,1658.09
3513,Kabupaten,35.13,Kabupaten Probolinggo,Jawa,Jawa Timur,35,38537.0,45675.0,4.82,68.29,16.45,2.63,0.6,537724.0,197.11,93.78,1185242.0,687.0,1725.43
3514,Kabupaten,35.14,Kabupaten Pasuruan,Jawa,Jawa Timur,35,121689.0,201665.0,5.34,70.73,8.63,1.09,0.21,450088.0,144.84,95.97,1657216.0,1110.0,1491.15
3515,Kabupaten,35.15,Kabupaten Sidoarjo,Jawa,Jawa Timur,35,136721.0,296887.0,5.54,82.31,4.53,0.64,0.18,597284.0,109.39,106.35,2171480.0,2999.0,726.1
3516,Kabupaten,35.16,Kabupaten Mojokerto,Jawa,Jawa Timur,35,98011.0,113130.0,5.29,75.98,9.37,1.01,0.19,508618.0,108.72,97.79,1154257.0,1172.0,974.1
3517,Kabupaten,35.17,Kabupaten Jombang,Jawa,Jawa Timur,35,39553.0,53899.0,5.15,75.1,8.6,0.9,0.17,514170.0,110.57,98.01,1362697.0,1228.0,1120.52
3518,Kabupaten,35.18,Kabupaten Nganjuk,Jawa,Jawa Timur,35,32047.0,36271.0,4.93,74.23,10.17,1.04,0.18,539714.0,108.37,95.01,1131777.0,878.0,1290.25
3519,Kabupaten,35.19,Kabupaten Madiun,Jawa,Jawa Timur,35,33712.0,25549.0,4.68,73.74,10.63,1.4,0.25,460205.0,73.15,95.85,757839.0,681.0,1117.5
3520,Kabupaten,35.20,Kabupaten Magetan,Jawa,Jawa Timur,35,35853.0,24577.0,4.79,75.87,9.32,1.09,0.2,455119.0,59.51,95.27,685500.0,970.0,701.96
3521,Kabupaten,35.21,Kabupaten Ngawi,Jawa,Jawa Timur,35,29347.0,25945.0,4.64,73.09,13.81,2.22,0.61,445865.0,116.47,92.76,884086.0,633.0,1393.28
3522,Kabupaten,35.22,Kabupaten Bojonegoro,Jawa,Jawa Timur,35,76808.0,101794.0,1.67,71.78,11.69,1.99,0.48,471457.0,147.33,95.73,1325299.0,573.0,2313.91
3523,Kabupaten,35.23,Kabupaten Tuban,Jawa,Jawa Timur,35,71099.0,87111.0,3.86,71.23,14.36,1.95,0.39,488131.0,171.24,97.93,1225205.0,621.0,1977.28
3524,Kabupaten,35.24,Kabupaten Lamongan,Jawa,Jawa Timur,35,37788.0,52077.0,4.81,75.13,12.16,1.88,0.44,524636.0,146.98,97.63,1378147.0,786.0,1751.42
3525,Kabupaten,35.25,Kabupaten Gresik,Jawa,Jawa Timur,35,138271.0,188605.0,4.79,78.45,10.32,1.58,0.33,608828.0,142.39,106.44,1364019.0,1086.0,1252.84
3526,Kabupaten,35.26,Kabupaten Bangkalan,Jawa,Jawa Timur,35,26066.0,28739.0,1.94,66.27,18.66,2.03,0.39,547017.0,190.94,100.12,1102522.0,847.0,1303.32
3527,Kabupaten,35.27,Kabupaten Sampang,Jawa,Jawa Timur,35,24484.0,24882.0,1.71,64.65,20.83,2.86,0.57,491753.0,214.32,98.15,1016254.0,827.0,1226.24
3528,Kabupaten,35.28,Kabupaten Pamekasan,Jawa,Jawa Timur,35,25424.0,22492.0,4.88,68.49,13.41,1.05,0.14,467493.0,123.46,96.19,884697.0,1113.0,798.08
3529,Kabupaten,35.29,Kabupaten Sumenep,Jawa,Jawa Timur,35,39215.0,45222.0,3.77,69.26,17.78,4.19,1.53,506569.0,196.42,102.75,1153188.0,553.0,2089.84
3571,Kota,35.71,Kota Kediri,Jawa,Jawa Timur,35,565841.0,168749.0,3.43,81.35,6.51,1.02,0.25,621051.0,19.24,94.38,298227.0,4436.0,69.18
3572,Kota,35.72,Kota Blitar,Jawa,Jawa Timur,35,59326.0,9188.0,5.33,81.27,6.75,1.06,0.24,596105.0,9.86,92.25,154867.0,4664.0,33.37
3573,Kota,35.73,Kota Malang,Jawa,Jawa Timur,35,114722.0,100117.0,5.41,84.06,3.91,0.42,0.08,706341.0,34.84,98.02,872694.0,7857.0,109.95
3574,Kota,35.74,Kota Probolinggo,Jawa,Jawa Timur,35,61614.0,15375.0,5.15,76.27,6.18,0.98,0.21,654409.0,15.24,94.93,249539.0,4564.0,54.94
3575,Kota,35.75,Kota Pasuruan,Jawa,Jawa Timur,35,51087.0,11208.0,5.45,77.75,6.32,0.7,0.12,554195.0,13.07,97.09,219392.0,5626.0,38.93
3576,Kota,35.76,Kota Mojokerto,Jawa,Jawa Timur,35,62684.0,8612.0,5.32,80.92,5.57,0.74,0.13,610968.0,7.43,96.58,137393.0,6796.0,20.21
3577,Kota,35.77,Kota Madiun,Jawa,Jawa Timur,35,92449.0,18653.0,5.73,83.48,4.38,0.56,0.09,637838.0,7.84,94.27,201767.0,5585.0,34.62
3578,Kota,35.78,Kota Surabaya,Jawa,Jawa Timur,35,264372.0,772494.0,5.76,84.14,3.96,0.65,0.16,742678.0,116.62,102.54,2921996.0,8698.0,335.95
3579,Kota,35.79,Kota Batu,Jawa,Jawa Timur,35,99487.0,22154.0,5.04,78.79,3.06,0.46,0.09,642778.0,6.59,99.88,222685.0,1147.0,196.32
3601,Kabupaten,36.01,Kabupaten Pandeglang,Jawa,Banten,36,27078.0,35905.0,2.75,66.99,9.18,1.52,0.35,479886.0,113.45,85.68,1325952.0,478.0,2780.35
3602,Kabupaten,36.02,Kabupaten Lebak,Jawa,Banten,36,25967.0,37631.0,2.95,65.86,8.44,1.02,0.23,440705.0,111.71,86.7,1449205.0,438.0,3307.98
3603,Kabupaten,36.03,Kabupaten Tangerang,Jawa,Banten,36,54729.0,186104.0,5.0,74.09,6.55,1.2,0.34,632941.0,266.43,97.83,3400486.0,3309.0,1026.62
3604,Kabupaten,36.04,Kabupaten Serang,Jawa,Banten,36,60007.0,102120.0,4.78,69.03,4.51,0.79,0.2,449291.0,68.86,93.2,1701803.0,1158.0,1467.15
3671,Kota,36.71,Kota Tangerang,Jawa,Banten,36,114458.0,224791.0,5.04,80.02,5.43,0.94,0.23,785113.0,128.91,98.61,1963966.0,11012.0,181.47
3672,Kota,36.72,Kota Cilegon,Jawa,Banten,36,302862.0,137989.0,4.84,75.14,3.75,0.44,0.07,663533.0,17.31,93.43,455617.0,2804.0,164.29
3673,Kota,36.73,Kota Serang,Jawa,Banten,36,58498.0,42988.0,4.71,73.99,5.65,0.75,0.16,540786.0,41.62,95.04,734866.0,2765.0,264.86
3674,Kota,36.74,Kota Tangerang Selatan,Jawa,Banten,36,80182.0,112214.0,5.02,82.89,2.36,0.27,0.05,828278.0,43.33,104.33,1399496.0,8489.0,164.4
5101,Kabupaten,51.01,Kabupaten Jembrana,Bali-Nusa Tenggara,Bali,51,51730.0,16845.0,4.98,74.6,4.51,0.36,0.05,531164.0,12.9,104.36,325633.0,383.0,853.46
5102,Kabupaten,51.02,Kabupaten Tabanan,Bali-Nusa Tenggara,Bali,51,59123.0,27650.0,4.94,78.42,4.4,0.75,0.19,601963.0,20.16,104.23,467667.0,551.0,861.54
5103,Kabupaten,51.03,Kabupaten Badung,Bali-Nusa Tenggara,Bali,51,132088.0,75098.0,5.94,83.87,2.23,0.32,0.08,737800.0,16.87,110.56,568547.0,1426.0,394.97
5104,Kabupaten,51.04,Kabupaten Gianyar,Bali-Nusa Tenggara,Bali,51,62693.0,33047.0,5.47,79.82,4.0,0.49,0.09,500797.0,21.45,103.63,527119.0,1447.0,365.49
5105,Kabupaten,51.05,Kabupaten Klungkung,Bali-Nusa Tenggara,Bali,51,52628.0,11015.0,5.08,74.04,5.3,0.23,0.03,411010.0,9.68,112.89,209309.0,667.0,313.12
5106,Kabupaten,51.06,Kabupaten Bangli,Bali-Nusa Tenggara,Bali,51,32275.0,8466.0,4.54,71.34,5.06,0.89,0.23,465572.0,11.79,109.08,262297.0,498.0,523.31
5107,Kabupaten,51.07,Kabupaten Karangasem,Bali-Nusa Tenggara,Bali,51,40233.0,20210.0,4.33,69.74,6.52,0.56,0.1,432414.0,27.76,102.95,502333.0,599.0,839.97
5108,Kabupaten,51.08,Kabupaten Buleleng,Bali-Nusa Tenggara,Bali,51,50796.0,41388.0,5.04,74.52,5.39,0.72,0.14,570129.0,36.55,104.76,814789.0,616.0,1310.29
5171,Kota,51.71,Kota Denpasar,Bali-Nusa Tenggara,Bali,51,86425.0,65300.0,5.55,85.22,2.59,0.36,0.08,820512.0,27.27,115.46,755568.0,6003.0,125.67
5201,Kabupaten,52.01,Kabupaten Lombok Barat,Bali-Nusa Tenggara,Nusa Tenggara Barat,52,25044.0,19160.0,3.02,70.67,12.65,1.84,0.43,576478.0,96.57,107.12,765049.0,829.0,923.57
5202,Kabupaten,52.02,Kabupaten Lombok Tengah,Bali-Nusa Tenggara,Nusa Tenggara Barat,52,20368.0,22605.0,3.34,69.17,12.07,1.56,0.27,549400.0,122.32,101.64,1109800.0,949.0,1166.47
5203,Kabupaten,52.03,Kabupaten Lombok Timur,Bali-Nusa Tenggara,Nusa Tenggara Barat,52,18588.0,26293.0,4.2,69.23,14.51,2.66,0.77,583957.0,185.03,105.37,1414461.0,880.0,1606.67
5204,Kabupaten,52.04,Kabupaten Sumbawa,Bali-Nusa Tenggara,Nusa Tenggara Barat,52,34509.0,18517.0,3.12,70.55,12.87,1.98,0.53,477774.0,63.0,95.97,536597.0,81.0,6646.47
5205,Kabupaten,52.05,Kabupaten Dompu,Bali-Nusa Tenggara,Nusa Tenggara Barat,52,36120.0,9064.0,3.62,70.78,11.59,1.62,0.32,469647.0,32.08,108.9,250943.0,110.0,2281.49
5206,Kabupaten,52.06,Kabupaten Bima,Bali-Nusa Tenggara,Nusa Tenggara Barat,52,27153.0,14757.0,2.82,68.94,13.88,1.89,0.41,451386.0,72.92,111.0,543459.0,129.0,4208.85
5207,Kabupaten,52.07,Kabupaten Sumbawa Barat,Bali-Nusa Tenggara,Nusa Tenggara Barat,52,235091.0,36565.0,12.01,73.86,12.23,2.33,0.65,611142.0,21.13,97.37,155535.0,89.0,1753.09
5208,Kabupaten,52.08,Kabupaten Lombok Utara,Bali-Nusa Tenggara,Nusa Tenggara Barat,52,22874.0,5983.0,4.28,67.24,23.96,4.81,1.35,594789.0,56.43,100.83,261557.0,322.0,811.91
5271,Kota,52.71,Kota Mataram,Bali-Nusa Tenggara,Nusa Tenggara Barat,52,54382.0,24200.0,4.12,80.6,8.0,2.15,0.68,657667.0,43.74,102.96,445010.0,7365.0,60.2
5272,Kota,52.72,Kota Bima,Bali-Nusa Tenggara,Nusa Tenggara Barat,52,32479.0,5314.0,4.04,78.04,8.12,1.44,0.39,496096.0,15.81,110.99,163604.0,787.0,211.0
5301,Kabupaten,53.12,Kabupaten Sumba Barat,Bali-Nusa Tenggara,Nusa Tenggara Timur,53,19387.0,3005.0,3.75,66.06,26.52,5.25,1.43,441428.0,36.72,99.11,155013.0,205.0,710.06
5302,Kabupaten,53.11,Kabupaten Sumba Timur,Bali-Nusa Tenggara,Nusa Tenggara Timur,53,30086.0,7800.0,3.69,67.68,27.04,6.44,2.18,460384.0,73.58,97.82,259261.0,37.0,6985.76
5303,Kabupaten,53.01,Kabupaten Kupang,Bali-Nusa Tenggara,Nusa Tenggara Timur,53,25954.0,9868.0,3.38,66.57,21.37,4.64,1.45,486458.0,90.34,82.56,380212.0,74.0,5110.09
5304,Kabupaten,53.02,Kabupaten Timor Tengah Selatan,Bali-Nusa Tenggara,Nusa Tenggara Timur,53,21283.0,10243.0,3.37,64.36,24.68,4.51,1.23,436707.0,117.41,86.09,481281.0,122.0,3954.1
5305,Kabupaten,53.03,Kabupaten Timor Tengah Utara,Bali-Nusa Tenggara,Nusa Tenggara Timur,53,18717.0,5156.0,3.27,65.83,20.89,3.9,0.94,499772.0,55.03,85.04,275439.0,105.0,2615.48
5306,Kabupaten,53.04,Kabupaten Belu,Bali-Nusa Tenggara,Nusa Tenggara Timur,53,25163.0,5931.0,3.97,64.43,13.86,2.26,0.51,476703.0,32.57,77.03,235709.0,209.0,1123.2
5307,Kabupaten,53.05,Kabupaten Alor,Bali-Nusa Tenggara,Nusa Tenggara Timur,53,17810.0,4008.0,4.24,63.82,19.87,2.25,0.49,446875.0,41.89,102.16,225020.0,77.0,2943.88
5308,Kabupaten,53.13,Kabupaten Lembata,Bali-Nusa Tenggara,Nusa Tenggara Timur,53,15730.0,2255.0,3.34,66.62,24.22,4.35,1.06,517948.0,37.72,93.55,143345.0,113.0,1259.22
5309,Kabupaten,53.06,Kabupaten Flores Timur,Bali-Nusa Tenggara,Nusa Tenggara Timur,53,22034.0,6446.0,2.69,66.29,11.25,1.38,0.25,412744.0,29.74,93.66,292523.0,167.0,1748.27
5310,Kabupaten,53.07,Kabupaten Sikka,Bali-Nusa Tenggara,Nusa Tenggara Timur,53,19850.0,6756.0,3.95,67.41,11.89,1.57,0.31,434074.0,38.73,89.38,340327.0,204.0,1694.86
5311,Kabupaten,53.08,Kabupaten Ende,Bali-Nusa Tenggara,Nusa Tenggara Timur,53,28025.0,7885.0,3.88,69.11,22.57,4.44,1.18,528259.0,62.37,86.78,281371.0,135.0,2067.77
5312,Kabupaten,53.09,Kabupaten Ngada,Bali-Nusa Tenggara,Nusa Tenggara Timur,53,25672.0,4469.0,3.67,69.52,11.87,2.14,0.55,489139.0,20.48,84.89,174088.0,100.0,1712.97
5313,Kabupaten,53.10,Kabupaten Manggarai,Bali-Nusa Tenggara,Nusa Tenggara Timur,53,17771.0,5944.0,3.93,67.28,19.01,2.88,0.66,454625.0,68.39,102.79,334464.0,249.0,1341.49
5314,Kabupaten,53.14,Kabupaten Rote Ndao,Bali-Nusa Tenggara,Nusa Tenggara Timur,53,25604.0,3916.0,3.2,64.59,25.78,5.23,1.41,426843.0,52.89,108.37,152950.0,119.0,1285.99
5315,Kabupaten,53.15,Kabupaten Manggarai Barat,Bali-Nusa Tenggara,Nusa Tenggara Timur,53,16629.0,4594.0,4.93,66.65,16.74,3.55,0.96,458834.0,50.68,99.67,276284.0,88.0,3135.77
5316,Kabupaten,53.17,Kabupaten Sumba Tengah,Bali-Nusa Tenggara,Nusa Tenggara Timur,53,16536.0,1527.0,3.71,64.31,30.84,7.59,2.36,381760.0,23.81,98.03,92354.0,52.0,1814.39
5317,Kabupaten,53.18,Kabupaten Sumba Barat Daya,Bali-Nusa Tenggara,Nusa Tenggara Timur,53,14995.0,4930.0,3.94,64.27,27.2,3.84,0.85,494229.0,102.05,96.6,328771.0,238.0,1405.75
5318,Kabupaten,53.16,Kabupaten Nagekeo,Bali-Nusa Tenggara,Nusa Tenggara Timur,53,17050.0,2870.0,3.12,67.72,12.3,1.56,0.26,487814.0,18.68,86.04,168355.0,121.0,1412.49
5319,Kabupaten,53.19,Kabupaten Manggarai Timur,Bali-Nusa Tenggara,Nusa Tenggara Timur,53,14414.0,4269.0,3.93,64.2,24.9,5.14,1.49,458116.0,74.59,93.7,296174.0,124.0,2401.35
5320,Kabupaten,53.20,Kabupaten Sabu Raijua,Bali-Nusa Tenggara,Nusa Tenggara Timur,53,18279.0,1733.0,3.79,59.58,28.13,5.52,1.67,549947.0,30.98,115.55,94787.0,206.0,461.02
5321,Kabupaten,53.21,Kabupaten Malaka,Bali-Nusa Tenggara,Nusa Tenggara Timur,53,19481.0,3770.0,3.1,62.73,13.92,1.99,0.37,474853.0,28.54,80.07,193510.0,174.0,1116.19
5371,Kota,53.71,Kota Kupang,Bali-Nusa Tenggara,Nusa Tenggara Timur,53,64813.0,30773.0,4.83,81.08,8.24,1.4,0.43,761108.0,40.38,84.59,474801.0,2980.0,155.47
6101,Kabupaten,61.01,Kabupaten Sambas,Kalimantan,Kalimantan Barat,61,43610.0,28561.0,4.74,69.31,6.53,0.85,0.19,528017.0,35.87,110.04,654912.0,110.0,5817.77
6102,Kabupaten,61.07,Kabupaten Bengkayang,Kalimantan,Kalimantan Barat,61,40333.0,12238.0,4.75,70.3,6.0,0.64,0.13,440390.0,16.35,105.48,303422.0,55.0,5632.74
6103,Kabupaten,61.08,Kabupaten Landak,Kalimantan,Kalimantan Barat,61,35713.0,14967.0,4.54,69.08,8.98,1.48,0.38,473797.0,35.38,109.12,419092.0,50.0,8252.76
6104,Kabupaten,61.02,Kabupaten Mempawah,Kalimantan,Kalimantan Barat,61,39506.0,12513.0,6.62,68.56,4.83,0.49,0.09,471845.0,13.22,103.51,316728.0,164.0,2001.9
6105,Kabupaten,61.03,Kabupaten Sanggau,Kalimantan,Kalimantan Barat,61,51965.0,26524.0,4.14,68.43,4.67,0.45,0.08,440303.0,23.02,109.31,510412.0,41.0,12757.13
6106,Kabupaten,61.04,Kabupaten Ketapang,Kalimantan,Kalimantan Barat,61,65207.0,39117.0,4.89,69.42,8.5,1.49,0.41,570638.0,46.59,103.67,599890.0,20.0,29743.97
6107,Kabupaten,61.05,Kabupaten Sintang,Kalimantan,Kalimantan Barat,61,46169.0,20485.0,4.89,69.42,8.03,0.94,0.16,670853.0,35.18,110.81,443684.0,20.0,22400.5
6108,Kabupaten,61.06,Kabupaten Kapuas Hulu,Kalimantan,Kalimantan Barat,61,53963.0,14342.0,4.75,68.58,7.4,0.78,0.11,572644.0,20.77,114.75,265772.0,8.0,31118.31
6109,Kabupaten,61.09,Kabupaten Sekadau,Kalimantan,Kalimantan Barat,61,42389.0,9432.0,4.86,67.25,5.66,0.55,0.1,414782.0,11.69,105.72,222510.0,37.0,5701.0
6110,Kabupaten,61.10,Kabupaten Melawi,Kalimantan,Kalimantan Barat,61,29739.0,7234.0,4.76,68.66,10.62,1.72,0.49,666972.0,23.36,110.58,243250.0,24.0,10024.76
6111,Kabupaten,61.11,Kabupaten Kayong Utara,Kalimantan,Kalimantan Barat,61,43166.0,5831.0,4.52,65.74,8.84,1.63,0.47,386071.0,10.56,106.78,135087.0,33.0,4619.25
6112,Kabupaten,61.12,Kabupaten Kubu Raya,Kalimantan,Kalimantan Barat,61,64206.0,41726.0,4.99,70.25,4.08,0.36,0.05,511815.0,24.72,103.68,649866.0,76.0,8597.86
6171,Kota,61.71,Kota Pontianak,Kalimantan,Kalimantan Barat,61,75420.0,51350.0,5.03,81.57,4.2,0.58,0.14,708333.0,28.56,102.16,680852.0,5760.0,108.43
6172,Kota,61.72,Kota Singkawang,Kalimantan,Kalimantan Barat,61,56062.0,14015.0,5.06,73.87,4.53,0.47,0.1,614077.0,10.82,107.89,249998.0,454.0,450.97
6201,Kabupaten,62.01,Kabupaten Kotawaringin Barat,Kalimantan,Kalimantan Tengah,62,110403.0,31221.0,4.1,74.44,4.11,0.43,0.1,536747.0,13.43,106.99,282790.0,30.0,8380.85
6202,Kabupaten,62.02,Kabupaten Kotawaringin Timur,Kalimantan,Kalimantan Tengah,62,84767.0,37991.0,4.0,72.66,5.66,0.96,0.24,572827.0,26.69,105.91,448184.0,29.0,15700.42
6203,Kabupaten,62.03,Kabupaten Kapuas,Kalimantan,Kalimantan Tengah,62,58507.0,25169.0,4.95,71.32,5.25,0.6,0.14,508022.0,19.47,102.29,430184.0,25.0,17298.48
6204,Kabupaten,62.04,Kabupaten Barito Selatan,Kalimantan,Kalimantan Tengah,62,65475.0,8899.0,4.7,72.36,4.83,0.21,0.03,542075.0,6.87,103.59,135909.0,22.0,6633.74
6205,Kabupaten,62.05,Kabupaten Barito Utara,Kalimantan,Kalimantan Tengah,62,86331.0,14039.0,5.08,72.31,5.67,0.89,0.22,628429.0,7.6,104.95,162622.0,16.0,9934.42
6206,Kabupaten,62.08,Kabupaten Sukamara,Kalimantan,Kalimantan Tengah,62,95831.0,6498.0,3.89,69.85,4.14,0.27,0.04,676781.0,2.9,111.64,67806.0,21.0,3283.48
6207,Kabupaten,62.09,Kabupaten Lamandau,Kalimantan,Kalimantan Tengah,62,79717.0,8265.0,3.64,72.25,3.25,0.61,0.15,673768.0,2.79,111.64,103676.0,14.0,7320.31
6208,Kabupaten,62.07,Kabupaten Seruyan,Kalimantan,Kalimantan Tengah,62,72331.0,12608.0,3.04,69.05,7.08,0.92,0.19,642281.0,16.06,108.01,174314.0,11.0,16608.96
6209,Kabupaten,62.06,Kabupaten Katingan,Kalimantan,Kalimantan Tengah,62,67940.0,11676.0,4.67,70.7,5.26,0.6,0.1,615575.0,9.55,102.48,171856.0,8.0,19401.8
6210,Kabupaten,62.11,Kabupaten Pulang Pisau,Kalimantan,Kalimantan Tengah,62,54908.0,7660.0,4.41,70.27,4.56,0.83,0.19,542349.0,5.91,102.2,139508.0,14.0,9740.57
6211,Kabupaten,62.10,Kabupaten Gunung Mas,Kalimantan,Kalimantan Tengah,62,67075.0,9762.0,4.48,72.73,5.68,0.48,0.09,562332.0,6.86,112.63,145534.0,16.0,10102.43
6212,Kabupaten,62.13,Kabupaten Barito Timur,Kalimantan,Kalimantan Tengah,62,91909.0,10915.0,4.29,73.26,6.66,0.93,0.19,663119.0,8.74,102.86,118759.0,37.0,3292.74
6213,Kabupaten,62.12,Kabupaten Murung Raya,Kalimantan,Kalimantan Tengah,62,100104.0,11857.0,5.05,70.03,6.58,1.04,0.35,646759.0,8.05,116.04,118443.0,5.0,23865.25
6271,Kota,62.71,Kota Palangka Raya,Kalimantan,Kalimantan Tengah,62,84603.0,26236.0,6.62,82.2,3.52,0.42,0.08,555618.0,10.7,101.91,310113.0,109.0,2602.28
6301,Kabupaten,63.01,Kabupaten Tanah Laut,Kalimantan,Kalimantan Selatan,63,58233.0,21254.0,5.01,71.43,3.74,0.76,0.21,670062.0,13.4,101.31,364982.0,95.0,3842.12
6302,Kabupaten,63.02,Kabupaten Kotabaru,Kalimantan,Kalimantan Selatan,63,108024.0,37126.0,5.34,70.61,4.45,0.45,0.08,592230.0,15.98,97.22,343684.0,36.0,9173.91
6303,Kabupaten,63.03,Kabupaten Banjar,Kalimantan,Kalimantan Selatan,63,40027.0,24042.0,4.76,71.87,2.36,0.33,0.07,589165.0,14.46,101.45,600639.0,131.0,4725.11
6304,Kabupaten,63.04,Kabupaten Barito Kuala,Kalimantan,Kalimantan Selatan,63,34292.0,11350.0,5.02,68.84,4.36,0.69,0.16,437579.0,14.04,110.05,330990.0,136.0,2379.75
6305,Kabupaten,63.05,Kabupaten Tapin,Kalimantan,Kalimantan Selatan,63,72445.0,14407.0,4.89,72.51,3.33,0.23,0.03,561101.0,6.55,99.21,198870.0,92.0,2191.43
6306,Kabupaten,63.06,Kabupaten Hulu Sungai Selatan,Kalimantan,Kalimantan Selatan,63,41467.0,9901.0,5.15,71.21,3.38,0.34,0.05,583549.0,8.14,93.27,238778.0,141.0,1697.04
6307,Kabupaten,63.07,Kabupaten Hulu Sungai Tengah,Kalimantan,Kalimantan Selatan,63,34850.0,9366.0,4.95,70.69,5.81,0.75,0.14,513950.0,16.03,99.41,268754.0,183.0,1663.07
6308,Kabupaten,63.08,Kabupaten Hulu Sungai Utara,Kalimantan,Kalimantan Selatan,63,27887.0,6612.0,4.43,68.28,5.75,0.54,0.08,597894.0,13.93,102.82,237111.0,252.0,890.52
6309,Kabupaten,63.09,Kabupaten Tabalong,Kalimantan,Kalimantan Selatan,63,122313.0,32643.0,4.87,74.41,5.64,0.95,0.2,637132.0,14.97,100.89,266885.0,77.0,3159.35
6310,Kabupaten,63.10,Kabupaten Tanah Bumbu,Kalimantan,Kalimantan Selatan,63,104302.0,35709.0,4.82,72.95,3.41,0.54,0.14,643652.0,14.68,98.82,342363.0,70.0,4705.36
6311,Kabupaten,63.11,Kabupaten Balangan,Kalimantan,Kalimantan Selatan,63,157579.0,21764.0,4.15,71.34,4.87,0.85,0.2,528104.0,6.68,106.76,138116.0,76.0,1902.37
6371,Kota,63.71,Kota Banjarmasin,Kalimantan,Kalimantan Selatan,63,68285.0,45666.0,5.63,79.05,4.58,0.49,0.08,743872.0,33.38,100.0,668762.0,6798.0,97.89
6372,Kota,63.72,Kota Banjarbaru,Kalimantan,Kalimantan Selatan,63,53088.0,14518.0,6.71,80.51,3.79,0.45,0.07,781405.0,11.07,98.84,273466.0,896.0,323.4
6401,Kabupaten,64.01,Kabupaten Paser,Kalimantan,Kalimantan Timur,64,193140.0,55429.0,3.77,74.7,8.63,0.86,0.17,634259.0,25.28,114.87,286991.0,27.0,10620.69
6402,Kabupaten,64.07,Kabupaten Kutai Barat,Kalimantan,Kalimantan Timur,64,222075.0,39694.0,7.57,74.5,9.56,1.18,0.24,716440.0,14.49,126.5,178743.0,13.0,13661.47
6403,Kabupaten,64.02,Kabupaten Kutai Kartanegara,Kalimantan,Kalimantan Timur,64,259191.0,204700.0,5.62,75.91,7.28,0.65,0.1,682490.0,59.0,112.34,789767.0,29.0,25219.42
6404,Kabupaten,64.08,Kabupaten Kutai Timur,Kalimantan,Kalimantan Timur,64,344492.0,159497.0,9.82,75.53,8.81,1.14,0.24,753332.0,37.11,123.01,462993.0,15.0,31454.7
6405,Kabupaten,64.03,Kabupaten Berau,Kalimantan,Kalimantan Timur,64,194080.0,50817.0,7.28,76.66,5.08,0.41,0.07,731250.0,12.35,115.92,261833.0,12.0,22530.61
6409,Kabupaten,64.09,Kabupaten Penajam Paser Utara,Kalimantan,Kalimantan Timur,64,87144.0,23327.0,30.68,73.9,6.69,0.72,0.12,617673.0,10.78,117.84,267686.0,84.0,3233.73
6411,Kabupaten,64.11,Kabupaten Mahakam Ulu,Kalimantan,Kalimantan Timur,64,110202.0,3774.0,3.6,70.35,10.75,1.64,0.43,792742.0,2.9,137.82,34246.0,2.0,18120.1
6471,Kota,64.71,Kota Balikpapan,Kalimantan,Kalimantan Timur,64,214111.0,153567.0,3.23,82.24,2.23,0.13,0.01,782248.0,14.53,111.89,717231.0,1407.0,542.23
6472,Kota,64.72,Kota Samarinda,Kalimantan,Kalimantan Timur,64,114692.0,98415.0,8.66,82.81,4.3,0.54,0.11,877945.0,37.8,107.21,858079.0,1197.0,724.46
6474,Kota,64.74,Kota Bontang,Kalimantan,Kalimantan Timur,64,363369.0,68418.0,-2.51,82.42,3.74,0.31,0.04,801945.0,7.11,118.4,188289.0,1171.0,165.59
6501,Kabupaten,65.02,Kabupaten Malinau,Kalimantan,Kalimantan Utara,65,210433.0,18207.0,3.55,73.9,6.94,0.57,0.06,791037.0,6.45,103.83,86523.0,2.0,39912.86
6502,Kabupaten,65.01,Kabupaten Bulungan,Kalimantan,Kalimantan Utara,65,160710.0,25752.0,3.92,73.34,8.76,1.4,0.35,572546.0,11.95,109.68,160241.0,12.0,12711.14
6503,Kabupaten,65.04,Kabupaten Tana Tidung,Kalimantan,Kalimantan Utara,65,330149.0,9297.0,3.57,70.08,4.47,0.48,0.07,518696.0,1.5,105.9,28161.0,6.0,2917.79
6504,Kabupaten,65.03,Kabupaten Nunukan,Kalimantan,Kalimantan Utara,65,192206.0,40543.0,4.03,68.52,5.73,0.82,0.23,597431.0,12.61,107.83,210937.0,15.0,14184.36
6571,Kota,65.71,Kota Tarakan,Kalimantan,Kalimantan Utara,65,221387.0,56214.0,5.71,77.96,5.56,0.5,0.08,854967.0,15.32,110.5,253916.0,1011.0,250.98
7101,Kabupaten,71.01,Kabupaten Bolaang Mongondow,Sulawesi,Sulawesi Utara,71,44762.0,11516.0,5.33,70.29,7.74,0.79,0.15,415628.0,20.19,95.66,257266.0,79.0,3237.57
7102,Kabupaten,71.02,Kabupaten Minahasa,Sulawesi,Sulawesi Utara,71,68017.0,24047.0,5.49,77.74,6.53,1.38,0.41,352693.0,22.78,99.4,353539.0,313.0,1110.67
7103,Kabupaten,71.03,Kabupaten Kepulauan Sangihe,Sulawesi,Sulawesi Utara,71,43187.0,6169.0,5.32,72.71,10.84,0.92,0.13,328431.0,14.38,107.88,142846.0,239.0,599.75
7104,Kabupaten,71.04,Kabupaten Kepulauan Talaud,Sulawesi,Sulawesi Utara,71,31516.0,3098.0,4.79,71.77,8.17,1.33,0.28,364581.0,7.74,119.96,98297.0,97.0,1013.35
7105,Kabupaten,71.05,Kabupaten Minahasa Selatan,Sulawesi,Sulawesi Utara,71,52242.0,12604.0,5.58,74.17,8.97,0.79,0.11,435428.0,19.13,98.06,241261.0,166.0,1485.22
7106,Kabupaten,71.06,Kabupaten Minahasa Utara,Sulawesi,Sulawesi Utara,71,87299.0,20382.0,5.21,75.89,6.95,0.73,0.11,427412.0,14.32,104.99,233471.0,235.0,1015.4
7107,Kabupaten,71.08,Kabupaten Bolaang Mongondow Utara,Sulawesi,Sulawesi Utara,71,40645.0,3544.0,5.12,69.32,7.88,0.99,0.22,334448.0,6.6,91.43,87197.0,53.0,1675.27
7108,Kabupaten,71.09,Kabupaten Siau Tagulandang Biaro,Sulawesi,Sulawesi Utara,71,45866.0,3391.0,4.93,70.31,8.32,1.06,0.19,388056.0,5.63,111.92,73922.0,340.0,220.01
7109,Kabupaten,71.07,Kabupaten Minahasa Tenggara,Sulawesi,Sulawesi Utara,71,61067.0,7355.0,5.37,72.66,11.72,1.53,0.3,402654.0,12.59,97.07,120438.0,160.0,703.53
7110,Kabupaten,71.11,Kabupaten Bolaang Mongondow Selatan,Sulawesi,Sulawesi Utara,71,40801.0,2974.0,5.28,67.14,11.33,1.34,0.24,419865.0,7.88,92.21,72900.0,41.0,1800.09
7111,Kabupaten,71.10,Kabupaten Bolaang Mongondow Timur,Sulawesi,Sulawesi Utara,71,45221.0,4170.0,5.14,68.53,5.87,0.54,0.07,433873.0,4.41,97.49,92219.0,107.0,878.83
7171,Kota,71.71,Kota Manado,Sulawesi,Sulawesi Utara,71,115143.0,53015.0,5.53,80.63,5.43,1.0,0.3,540888.0,23.59,104.66,460427.0,2836.0,160.93
7172,Kota,71.72,Kota Bitung,Sulawesi,Sulawesi Utara,71,105343.0,24752.0,5.11,75.71,6.27,1.11,0.25,518405.0,14.5,97.34,234966.0,713.0,311.0
7173,Kota,71.73,Kota Tomohon,Sulawesi,Sulawesi Utara,71,56563.0,5880.0,4.74,78.89,5.38,0.8,0.22,530321.0,6.07,99.69,103954.0,615.0,150.38
7174,Kota,71.74,Kota Kotamobagu,Sulawesi,Sulawesi Utara,71,40400.0,5215.0,5.29,75.27,5.12,0.5,0.08,452245.0,7.05,97.72,129074.0,1185.0,106.75
7201,Kabupaten,72.07,Kabupaten Banggai Kepulauan,Sulawesi,Sulawesi Tengah,72,43165.0,5377.0,4.03,67.43,12.32,1.26,0.22,453552.0,14.86,94.27,124576.0,52.0,2364.98
7202,Kabupaten,72.01,Kabupaten Banggai,Sulawesi,Sulawesi Tengah,72,107883.0,40737.0,3.63,72.32,6.56,0.86,0.17,515334.0,26.21,97.81,377603.0,46.0,8319.51
7203,Kabupaten,72.06,Kabupaten Morowali,Sulawesi,Sulawesi Tengah,72,1003185.0,173865.0,16.26,73.54,11.55,1.79,0.43,590027.0,14.99,104.11,173313.0,39.0,4135.37
7204,Kabupaten,72.02,Kabupaten Poso,Sulawesi,Sulawesi Tengah,72,50139.0,12738.0,3.78,72.87,14.23,1.97,0.45,620267.0,39.63,92.44,254060.0,34.0,7313.17
7205,Kabupaten,72.03,Kabupaten Donggala,Sulawesi,Sulawesi Tengah,72,53143.0,16527.0,3.77,67.45,15.3,3.0,0.75,438396.0,47.68,86.67,310998.0,61.0,4906.16
7206,Kabupaten,72.04,Kabupaten Toli-toli,Sulawesi,Sulawesi Tengah,72,47349.0,11075.0,3.32,68.37,12.45,1.73,0.42,441975.0,30.39,92.06,233898.0,63.0,3589.91
7207,Kabupaten,72.05,Kabupaten Buol,Sulawesi,Sulawesi Tengah,72,51137.0,7791.0,3.31,70.28,13.08,2.2,0.47,477640.0,23.05,90.82,152355.0,41.0,3864.73
7208,Kabupaten,72.08,Kabupaten Parigi Moutong,Sulawesi,Sulawesi Tengah,72,51059.0,23476.0,3.58,67.49,14.2,3.36,1.08,553012.0,74.57,86.43,459781.0,79.0,5781.75
7209,Kabupaten,72.09,Kabupaten Tojo Una-una,Sulawesi,Sulawesi Tengah,72,43054.0,7354.0,3.69,66.97,16.36,2.04,0.4,622000.0,26.12,87.91,170815.0,31.0,5447.01
7210,Kabupaten,72.10,Kabupaten Sigi,Sulawesi,Sulawesi Tengah,72,46534.0,12562.0,3.5,70.51,12.06,2.52,0.7,463011.0,29.8,79.28,269963.0,52.0,5427.92
7211,Kabupaten,72.11,Kabupaten Banggai Laut,Sulawesi,Sulawesi Tengah,72,43549.0,3223.0,3.52,67.43,13.78,1.76,0.35,443877.0,11.16,96.18,74019.0,108.0,683.86
7212,Kabupaten,72.12,Kabupaten Morowali Utara,Sulawesi,Sulawesi Tengah,72,236449.0,30234.0,14.03,70.58,11.95,1.89,0.39,594137.0,16.74,103.88,127865.0,15.0,8949.95
7271,Kota,72.71,Kota Palu,Sulawesi,Sulawesi Tengah,72,83868.0,32919.0,4.61,82.88,5.94,0.65,0.09,658112.0,24.57,85.25,392507.0,1101.0,388.48
7301,Kabupaten,73.01,Kabupaten Kepulauan Selayar,Sulawesi,Sulawesi Selatan,73,58447.0,8341.0,3.33,70.03,10.79,1.62,0.38,468755.0,14.94,98.85,142701.0,123.0,1173.46
7302,Kabupaten,73.02,Kabupaten Bulukumba,Sulawesi,Sulawesi Selatan,73,44477.0,20224.0,4.6,71.97,6.71,0.85,0.16,422111.0,28.6,95.11,454719.0,387.0,1165.75
7303,Kabupaten,73.03,Kabupaten Bantaeng,Sulawesi,Sulawesi Selatan,73,65483.0,13451.0,4.36,71.48,8.26,0.89,0.16,434664.0,15.8,93.7,205418.0,525.0,398.84
7304,Kabupaten,73.04,Kabupaten Jeneponto,Sulawesi,Sulawesi Selatan,73,31165.0,13057.0,6.03,66.38,11.82,1.48,0.29,416231.0,43.9,96.27,418969.0,526.0,796.25
7305,Kabupaten,73.05,Kabupaten Takalar,Sulawesi,Sulawesi Selatan,73,42358.0,13428.0,4.34,69.47,7.75,1.22,0.29,455793.0,23.51,93.14,317017.0,571.0,573.05
7306,Kabupaten,73.06,Kabupaten Gowa,Sulawesi,Sulawesi Selatan,73,37773.0,30749.0,5.39,72.26,6.85,0.67,0.11,475305.0,55.13,95.17,814041.0,449.0,1804.89
7307,Kabupaten,73.07,Kabupaten Sinjai,Sulawesi,Sulawesi Selatan,73,59071.0,15975.0,5.17,69.52,7.82,1.16,0.25,412441.0,19.4,91.19,270434.0,313.0,871.07
7308,Kabupaten,73.09,Kabupaten Maros,Sulawesi,Sulawesi Selatan,73,69208.0,28624.0,3.79,72.11,9.32,1.06,0.19,530070.0,34.0,96.64,413594.0,287.0,1441.1
7309,Kabupaten,73.10,Kabupaten Pangkajene dan Kepulauan,Sulawesi,Sulawesi Selatan,73,96355.0,34607.0,5.0,71.22,12.41,1.78,0.38,439192.0,42.94,91.49,359163.0,404.0,881.65
7310,Kabupaten,73.11,Kabupaten Barru,Sulawesi,Sulawesi Selatan,73,52275.0,9891.0,4.92,73.06,8.31,1.11,0.22,417396.0,14.64,92.49,189214.0,157.0,1188.67
7311,Kabupaten,73.08,Kabupaten Bone,Sulawesi,Sulawesi Selatan,73,60251.0,50015.0,5.55,68.36,9.58,1.14,0.19,423727.0,73.03,97.16,830119.0,182.0,4598.26
7312,Kabupaten,73.12,Kabupaten Soppeng,Sulawesi,Sulawesi Selatan,73,67261.0,16099.0,4.06,71.39,6.9,0.79,0.15,411958.0,15.9,95.82,239355.0,173.0,1361.28
7313,Kabupaten,73.13,Kabupaten Wajo,Sulawesi,Sulawesi Selatan,73,66711.0,25954.0,4.52,71.52,6.47,1.02,0.22,431291.0,26.57,95.05,389052.0,149.0,2504.73
7314,Kabupaten,73.14,Kabupaten Sidenreng Rappang,Sulawesi,Sulawesi Selatan,73,59305.0,19615.0,4.05,73.21,5.02,0.51,0.08,458509.0,15.48,91.49,330742.0,181.0,1980.63
7315,Kabupaten,73.15,Kabupaten Pinrang,Sulawesi,Sulawesi Selatan,73,62766.0,26653.0,5.71,73.55,8.55,1.37,0.34,414198.0,33.04,93.05,424646.0,224.0,1910.3
7316,Kabupaten,73.16,Kabupaten Enrekang,Sulawesi,Sulawesi Selatan,73,43962.0,10467.0,4.54,74.61,11.25,1.89,0.44,427556.0,24.06,97.92,238099.0,132.0,1824.72
7317,Kabupaten,73.17,Kabupaten Luwu,Sulawesi,Sulawesi Selatan,73,59728.0,22952.0,4.36,72.79,11.7,2.05,0.53,433898.0,44.24,101.41,384280.0,132.0,2898.43
7318,Kabupaten,73.18,Kabupaten Tana Toraja,Sulawesi,Sulawesi Selatan,73,34739.0,10159.0,5.2,71.67,10.79,1.26,0.25,418308.0,26.3,99.64,292422.0,143.0,2022.17
7322,Kabupaten,73.22,Kabupaten Luwu Utara,Sulawesi,Sulawesi Selatan,73,58310.0,19689.0,4.3,72.07,11.24,2.1,0.58,431980.0,36.46,99.17,337655.0,45.0,7568.37
7325,Kabupaten,73.24,Kabupaten Luwu Timur,Sulawesi,Sulawesi Selatan,73,97182.0,30392.0,3.27,74.95,6.55,1.31,0.39,460356.0,20.7,102.25,312731.0,46.0,6709.97
7326,Kabupaten,73.26,Kabupaten Toraja Utara,Sulawesi,Sulawesi Selatan,73,47726.0,13258.0,4.49,71.85,10.73,1.21,0.24,413029.0,25.97,100.23,277791.0,215.0,1238.81
7371,Kota,73.71,Kota Makassar,Sulawesi,Sulawesi Selatan,73,165954.0,243063.0,5.56,83.9,4.97,0.81,0.18,592753.0,79.53,96.06,1464637.0,8282.0,182.88
7372,Kota,73.72,Kota Parepare,Sulawesi,Sulawesi Selatan,73,61970.0,9972.0,5.09,79.64,5.27,0.72,0.14,467151.0,7.94,90.66,160920.0,1795.0,87.7
7373,Kota,73.73,Kota Palopo,Sulawesi,Sulawesi Selatan,73,56647.0,11084.0,4.4,79.94,7.35,0.94,0.19,466521.0,14.43,99.31,195666.0,716.0,280.97
7401,Kabupaten,74.04,Kabupaten Buton,Sulawesi,Sulawesi Tenggara,74,43410.0,5297.0,3.2,68.88,13.99,1.68,0.35,313831.0,14.41,99.31,122029.0,73.1,1653.58
7402,Kabupaten,74.03,Kabupaten Muna,Sulawesi,Sulawesi Tenggara,74,41623.0,9489.0,5.09,71.05,13.78,1.87,0.36,434750.0,31.82,91.8,227984.0,122.7,1941.86
7403,Kabupaten,74.02,Kabupaten Konawe,Sulawesi,Sulawesi Tenggara,74,75702.0,20748.0,11.82,73.39,13.25,2.33,0.65,425029.0,33.99,87.71,274071.0,51.21,5070.93
7404,Kabupaten,74.01,Kabupaten Kolaka,Sulawesi,Sulawesi Tenggara,74,153413.0,38163.0,5.06,75.18,11.67,1.78,0.47,477917.0,33.2,88.35,248763.0,84.07,3076.04
7405,Kabupaten,74.05,Kabupaten Konawe Selatan,Sulawesi,Sulawesi Tenggara,74,53949.0,17760.0,5.63,71.19,11.2,1.59,0.34,354696.0,37.09,92.73,329210.0,77.69,4251.56
7406,Kabupaten,74.06,Kabupaten Bombana,Sulawesi,Sulawesi Tenggara,74,56988.0,9155.0,5.04,68.15,10.54,1.15,0.21,423183.0,20.56,94.69,160654.0,48.77,3334.05
7407,Kabupaten,74.07,Kabupaten Wakatobi,Sulawesi,Sulawesi Tenggara,74,51916.0,6140.0,4.77,72.02,14.36,2.87,0.83,355748.0,14.93,109.48,118259.0,262.53,463.2
7408,Kabupaten,74.08,Kabupaten Kolaka Utara,Sulawesi,Sulawesi Tenggara,74,82701.0,12281.0,3.97,71.7,13.51,2.65,0.66,529192.0,22.07,92.14,148496.0,50.64,3250.61
7409,Kabupaten,74.10,Kabupaten Buton Utara,Sulawesi,Sulawesi Tenggara,74,61238.0,4274.0,3.68,70.6,14.09,3.12,0.94,422483.0,9.18,99.85,69799.0,39.75,1664.23
7410,Kabupaten,74.09,Kabupaten Konawe Utara,Sulawesi,Sulawesi Tenggara,74,77302.0,5707.0,5.74,72.32,13.17,2.52,0.76,407710.0,8.94,95.66,73829.0,17.5,4679.96
7411,Kabupaten,74.11,Kabupaten Kolaka Timur,Sulawesi,Sulawesi Tenggara,74,48117.0,6137.0,3.16,70.27,13.71,1.87,0.44,525091.0,20.33,88.47,127549.0,31.95,3718.65
7412,Kabupaten,74.12,Kabupaten Konawe Kepulauan,Sulawesi,Sulawesi Tenggara,74,49696.0,1972.0,7.16,67.99,15.54,2.78,0.76,415880.0,5.36,95.91,39688.0,56.24,712.08
7413,Kabupaten,74.13,Kabupaten Muna Barat,Sulawesi,Sulawesi Tenggara,74,38933.0,3541.0,3.07,68.06,13.38,2.08,0.45,428282.0,11.36,91.91,90956.0,111.1,814.18
7414,Kabupaten,74.14,Kabupaten Buton Tengah,Sulawesi,Sulawesi Tenggara,74,26136.0,3170.0,3.32,66.47,14.4,1.82,0.32,310721.0,13.52,103.09,121289.0,144.92,846.16
7415,Kabupaten,74.15,Kabupaten Buton Selatan,Sulawesi,Sulawesi Tenggara,74,37815.0,3827.0,4.84,67.0,14.28,1.97,0.38,300991.0,11.5,98.8,101194.0,195.49,539.69
7471,Kota,74.71,Kota Kendari,Sulawesi,Sulawesi Tenggara,74,80970.0,30021.0,4.81,85.33,4.23,0.7,0.14,516809.0,18.2,87.53,370764.0,1394.95,269.15
7472,Kota,74.72,Kota Baubau,Sulawesi,Sulawesi Tenggara,74,72416.0,12205.0,4.36,78.13,7.4,1.61,0.48,431717.0,13.25,95.6,168538.0,572.99,290.42
7501,Kabupaten,75.02,Kabupaten Boalemo,Sulawesi,Gorontalo,75,45564.0,6984.0,3.54,68.74,17.83,3.75,1.12,551189.0,31.53,101.37,153274.0,84.0,1840.11
7502,Kabupaten,75.01,Kabupaten Gorontalo,Sulawesi,Gorontalo,75,41746.0,17096.0,4.1,69.66,16.43,3.41,0.89,605743.0,61.91,97.5,409509.0,190.0,2163.48
7503,Kabupaten,75.04,Kabupaten Pohuwato,Sulawesi,Gorontalo,75,55794.0,8579.0,4.03,68.02,17.11,2.89,0.7,391236.0,28.93,95.33,153770.0,35.0,4360.54
7504,Kabupaten,75.03,Kabupaten Bone Bolango,Sulawesi,Gorontalo,75,35448.0,6049.0,4.19,72.38,14.8,2.86,0.72,531286.0,23.67,94.7,170649.0,90.0,1900.88
7505,Kabupaten,75.05,Kabupaten Gorontalo Utara,Sulawesi,Gorontalo,75,33244.0,4414.0,4.17,67.46,16.86,3.41,1.02,387535.0,18.99,94.71,132784.0,78.0,1700.19
7571,Kota,75.71,Kota Gorontalo,Sulawesi,Gorontalo,75,54073.0,11237.0,4.36,79.18,5.74,0.67,0.12,723861.0,12.97,95.64,207808.0,2930.0,67.26
7601,Kabupaten,76.05,Kabupaten Majene,Sulawesi,Sulawesi Barat,76,35329.0,6496.0,5.3,69.42,13.64,1.82,0.41,482173.0,24.41,85.05,183869.0,204.0,891.36
7602,Kabupaten,76.04,Kabupaten Polewali Mandar,Sulawesi,Sulawesi Barat,76,35448.0,17771.0,5.94,66.22,15.66,3.09,0.88,507347.0,70.42,84.07,501319.0,242.0,2085.74
7603,Kabupaten,76.03,Kabupaten Mamasa,Sulawesi,Sulawesi Barat,76,21812.0,3772.0,3.26,68.37,14.2,1.75,0.33,347008.0,23.61,105.24,172923.0,57.0,2970.04
7604,Kabupaten,76.02,Kabupaten Mamuju,Sulawesi,Sulawesi Barat,76,53928.0,16024.0,6.47,70.4,7.15,1.12,0.26,356903.0,22.64,89.76,297141.0,60.0,4794.43
7605,Kabupaten,76.01,Kabupaten Pasangkayu,Sulawesi,Sulawesi Barat,76,76796.0,15579.0,0.68,69.73,5.21,0.66,0.11,453038.0,9.95,97.28,202860.0,70.0,2951.41
7606,Kabupaten,76.06,Kabupaten Mamuju Tengah,Sulawesi,Sulawesi Barat,76,31387.0,4555.0,2.98,68.36,7.72,0.92,0.19,324888.0,11.16,90.07,145120.0,53.0,2875.82
8101,Kabupaten,81.03,Kabupaten Kepulauan Tanimbar,Maluku,Maluku,81,27728.0,3618.0,4.62,64.83,23.66,4.23,1.03,645956.0,26.76,111.8,130487.0,29.0,4432.51
8102,Kabupaten,81.02,Kabupaten Maluku Tenggara,Maluku,Maluku,81,34920.0,4408.0,5.44,68.24,21.22,2.65,0.59,695738.0,21.47,110.87,126245.0,124.0,1012.39
8103,Kabupaten,81.01,Kabupaten Maluku Tengah,Maluku,Maluku,81,25983.0,11454.0,5.28,73.21,17.67,4.0,1.31,614323.0,66.65,100.76,440848.0,53.0,8113.27
8104,Kabupaten,81.04,Kabupaten Buru,Maluku,Maluku,81,22256.0,3167.0,4.38,71.01,16.08,2.47,0.58,610346.0,25.02,100.55,142304.0,29.0,4459.19
8105,Kabupaten,81.07,Kabupaten Kepulauan Aru,Maluku,Maluku,81,43620.0,4761.0,5.45,65.83,23.39,4.56,1.23,644112.0,22.45,110.07,109159.0,13.0,8122.68
8106,Kabupaten,81.06,Kabupaten Seram Bagian Barat,Maluku,Maluku,81,18037.0,4077.0,5.62,68.39,22.31,3.38,0.81,508517.0,38.78,101.88,226044.0,45.0,4991.37
8107,Kabupaten,81.05,Kabupaten Seram Bagian Timur,Maluku,Maluku,81,25034.0,3684.0,3.58,66.24,21.03,3.22,0.78,478721.0,24.34,101.03,147139.0,26.0,5811.28
8108,Kabupaten,81.08,Kabupaten Maluku Barat Daya,Maluku,Maluku,81,36666.0,3197.0,6.7,64.86,27.95,3.52,0.63,686428.0,20.63,119.46,87197.0,19.0,4600.72
8109,Kabupaten,81.09,Kabupaten Buru Selatan,Maluku,Maluku,81,23340.0,1887.0,4.97,67.09,14.91,2.34,0.46,769919.0,9.61,106.08,80842.0,22.0,4140.55
8171,Kota,81.71,Kota Ambon,Maluku,Maluku,81,54699.0,19836.0,5.96,82.56,5.13,0.71,0.16,750166.0,25.81,100.41,362639.0,1532.0,296.59
8172,Kota,81.72,Kota Tual,Maluku,Maluku,81,36846.0,3417.0,4.93,70.21,20.01,3.03,0.65,746967.0,16.17,110.62,92744.0,394.0,231.03
8201,Kabupaten,82.01,Kabupaten Halmahera Barat,Maluku,Maluku Utara,82,21386.0,2947.0,5.86,67.53,8.75,1.49,0.36,455327.0,10.65,107.49,137805.0,62.0,2176.59
8202,Kabupaten,82.02,Kabupaten Halmahera Tengah,Maluku,Maluku Utara,82,522766.0,32302.0,18.4,68.45,10.71,1.73,0.41,593903.0,6.44,116.67,61791.0,27.0,2265.33
8203,Kabupaten,82.05,Kabupaten Kepulauan Sula,Maluku,Maluku Utara,82,30920.0,3378.0,6.64,65.99,7.96,1.01,0.2,485242.0,8.31,122.44,109256.0,33.0,1787.77
8204,Kabupaten,82.04,Kabupaten Halmahera Selatan,Maluku,Maluku Utara,82,79448.0,21048.0,23.95,66.66,5.63,0.53,0.08,449334.0,13.69,105.72,264926.0,33.0,8154.72
8205,Kabupaten,82.03,Kabupaten Halmahera Utara,Maluku,Maluku Utara,82,34566.0,7181.0,1.85,69.78,4.71,0.48,0.07,425857.0,9.48,108.77,207739.0,61.0,3477.62
8206,Kabupaten,82.06,Kabupaten Halmahera Timur,Maluku,Maluku Utara,82,54934.0,5396.0,3.64,69.58,11.91,1.49,0.33,655936.0,12.27,114.43,98224.0,15.0,6466.87
8207,Kabupaten,82.07,Kabupaten Pulau Morotai,Maluku,Maluku Utara,82,25469.0,2029.0,5.3,65.68,5.11,0.66,0.14,428136.0,3.69,120.55,79660.0,34.0,2342.95
8208,Kabupaten,82.08,Kabupaten Pulau Taliabu,Maluku,Maluku Utara,82,34392.0,2111.0,4.5,62.9,7.13,1.08,0.3,525953.0,3.97,114.13,61368.0,21.0,2990.44
8271,Kota,82.71,Kota Ternate,Maluku,Maluku Utara,82,70949.0,15213.0,8.83,82.12,3.14,0.78,0.25,701354.0,7.88,122.4,214414.0,1322.0,161.99
8272,Kota,82.72,Kota Tidore Kepulauan,Maluku,Maluku Utara,82,31980.0,3852.0,6.4,72.91,6.56,0.95,0.21,581193.0,6.72,109.84,120439.0,71.0,1683.95
9101,Kabupaten,92.03,Kabupaten Fakfak,Papua,Papua Barat,91,69984.0,6311.0,3.15,70.39,20.86,4.6,1.35,725257.0,17.67,121.38,90171.0,9.0,10986.94
9102,Kabupaten,92.08,Kabupaten Kaimana,Papua,Papua Barat,91,46446.0,3096.0,2.13,67.6,14.41,3.17,1.01,682231.0,10.06,120.34,66655.0,4.0,16155.6
9103,Kabupaten,92.07,Kabupaten Teluk Wondama,Papua,Papua Barat,91,40739.0,1856.0,3.67,62.36,28.47,4.68,1.15,710854.0,10.3,115.25,45561.0,9.0,6436.35
9104,Kabupaten,92.06,Kabupaten Teluk Bintuni,Papua,Papua Barat,91,574984.0,52360.0,29.22,66.75,26.99,6.5,2.25,794285.0,19.33,130.92,91064.0,5.0,20754.32
9105,Kabupaten,92.02,Kabupaten Manokwari,Papua,Papua Barat,91,55264.0,11327.0,2.97,73.83,18.45,3.3,0.82,802749.0,33.29,113.78,204955.0,74.0,1955.13
9111,Kabupaten,92.11,Kabupaten Manokwari Selatan,Papua,Papua Barat,91,26227.0,1018.0,7.0,62.45,26.83,5.17,1.54,734246.0,7.64,121.72,38820.0,21.0,2375.84
9112,Kabupaten,92.12,Kabupaten Pegunungan Arfak,Papua,Papua Barat,91,8662.0,359.0,10.85,58.73,31.76,5.54,1.38,738135.0,11.87,153.69,41470.0,13.0,3285.6
9201,Kabupaten,92.05,Kabupaten Raja Ampat,Papua,Papua Barat Daya,92,58576.0,4104.0,0.41,65.86,15.83,3.1,0.87,629473.0,8.13,123.94,70061.0,9.41,7798.82
9202,Kabupaten,92.01,Kabupaten Sorong,Papua,Papua Barat Daya,92,101106.0,12450.0,4.98,68.29,25.71,6.81,2.35,631729.0,25.69,116.59,123136.0,16.28,7797.96
9203,Kabupaten,92.04,Kabupaten Sorong Selatan,Papua,Papua Barat Daya,92,41552.0,2339.0,3.0,64.5,17.83,3.85,1.07,579310.0,9.4,118.81,56292.0,8.57,5645.16
9204,Kabupaten,92.10,Kabupaten Maybrat,Papua,Papua Barat Daya,92,18161.0,863.0,3.45,61.83,29.18,4.48,1.08,565725.0,13.35,130.71,47542.0,8.83,3303.08
9205,Kabupaten,92.09,Kabupaten Tambrauw,Papua,Papua Barat Daya,92,9726.0,305.0,9.53,56.32,29.88,4.55,1.09,579473.0,5.02,130.55,31354.0,2.62,11736.14
9271,Kota,92.71,Kota Sorong,Papua,Papua Barat Daya,92,57332.0,17127.0,2.61,79.93,13.67,3.07,1.01,902534.0,40.68,113.71,298742.0,1455.0,297.31
9403,Kabupaten,91.03,Kabupaten Jayapura,Papua,Papua,94,117896.0,20429.0,3.77,74.11,11.6,3.26,1.24,729234.0,15.21,110.3,173281.0,12.0,14348.44
9408,Kabupaten,91.05,Kabupaten Kepulauan Yapen,Papua,Papua,94,44479.0,5275.0,3.63,69.65,25.69,7.32,2.78,782033.0,26.09,132.2,118590.0,49.0,2433.57
9409,Kabupaten,91.06,Kabupaten Biak Numfor,Papua,Papua,94,46470.0,6557.0,2.28,73.98,23.46,6.22,2.13,677659.0,35.94,128.26,141103.0,63.0,2252.25
9419,Kabupaten,91.10,Kabupaten Sarmi,Papua,Papua,94,88756.0,3825.0,4.26,66.72,14.05,1.87,0.41,653436.0,5.87,138.87,43092.0,3.0,14037.75
9420,Kabupaten,91.11,Kabupaten Keerom,Papua,Papua,94,56367.0,3618.0,3.2,68.68,15.84,3.11,0.82,832766.0,9.52,133.04,64179.0,7.0,9080.53
9426,Kabupaten,91.15,Kabupaten Waropen,Papua,Papua,94,68452.0,2452.0,3.04,66.92,29.85,6.16,1.69,835594.0,10.3,144.6,35814.0,3.0,10796.34
9427,Kabupaten,91.19,Kabupaten Supiori,Papua,Papua,94,50794.0,1246.0,3.23,65.15,37.72,12.81,5.35,587783.0,8.25,134.73,24527.0,37.0,670.94
9428,Kabupaten,91.20,Kabupaten Mamberamo Raya,Papua,Papua,94,58533.0,2305.0,3.95,55.0,30.29,3.37,0.55,861147.0,7.89,175.63,39388.0,1.0,28903.6
9471,Kota,91.71,Kota Jayapura,Papua,Papua,94,94667.0,39815.0,3.56,81.67,10.72,2.35,0.79,1179015.0,33.84,125.66,420577.0,503.0,758.2
9501,Kabupaten,91.01,Kabupaten Merauke,Papua,Papua Selatan,95,85002.0,20350.0,5.08,72.73,10.19,1.98,0.67,484224.0,24.72,138.95,239404.0,5.32,44014.03
9502,Kabupaten,91.16,Kabupaten Boven Digoel,Papua,Papua Selatan,95,84982.0,5867.0,2.86,64.26,19.24,3.96,1.17,622315.0,14.05,139.28,69035.0,2.93,23653.75
9503,Kabupaten,91.17,Kabupaten Mappi,Papua,Papua Selatan,95,33308.0,3834.0,1.98,61.51,25.7,4.58,1.2,480727.0,27.18,147.15,115102.0,4.74,25826.06
9504,Kabupaten,91.18,Kabupaten Asmat,Papua,Papua Selatan,95,28767.0,3410.0,5.54,53.92,24.5,4.17,1.04,487035.0,26.24,146.77,118534.0,4.74,25024.53
9601,Kabupaten,91.09,Kabupaten Mimika,Papua,Papua Tengah,96,446333.0,146298.0,4.8,76.85,14.18,3.82,1.42,1099143.0,32.09,121.9,327777.0,17.92,17827.77
9602,Kabupaten,91.26,Kabupaten Dogiyai,Papua,Papua Tengah,96,13157.0,1647.0,1.82,57.68,30.03,6.1,1.59,709423.0,30.42,172.02,125178.0,33.0,4644.64
9603,Kabupaten,91.28,Kabupaten Deiyai,Papua,Papua Tengah,96,16593.0,1767.0,2.77,52.07,39.01,4.76,1.01,770492.0,30.85,180.72,106496.0,37.41,1837.23
9604,Kabupaten,91.04,Kabupaten Nabire,Papua,Papua Tengah,96,85358.0,14968.0,3.81,71.77,24.0,5.85,2.08,833652.0,36.02,125.32,175358.0,14.85,12264.53
9605,Kabupaten,91.08,Kabupaten Paniai,Papua,Papua Tengah,96,22570.0,5339.0,2.37,58.69,37.07,6.78,1.82,711078.0,64.34,177.76,236534.0,44.57,4709.04
9606,Kabupaten,91.27,Kabupaten Intan Jaya,Papua,Papua Tengah,96,10187.0,1465.0,1.73,50.71,41.42,12.46,4.66,948843.0,22.25,342.93,143853.0,26.97,4633.2
9607,Kabupaten,91.25,Kabupaten Puncak,Papua,Papua Tengah,96,14455.0,1772.0,2.12,45.6,37.49,5.98,1.22,888666.0,43.73,379.81,122592.0,15.92,7965.69
9608,Kabupaten,91.07,Kabupaten Puncak Jaya,Papua,Papua Tengah,96,7077.0,1664.0,3.61,51.78,35.94,9.81,3.48,879631.0,48.78,334.69,235124.0,39.28,4419.69
9701,Kabupaten,91.24,Kabupaten Nduga,Papua,Papua Pegunungan,97,14377.0,1630.0,3.56,36.3,36.28,5.42,1.22,654456.0,43.42,230.13,113344.0,19.25,6972.35
9702,Kabupaten,91.02,Kabupaten Jayawijaya,Papua,Papua Pegunungan,97,40727.0,11448.0,5.82,61.03,32.28,7.85,2.6,722258.0,68.36,242.78,281090.0,106.92,2636.82
9703,Kabupaten,91.23,Kabupaten Lanny Jaya,Papua,Papua Pegunungan,97,11955.0,2493.0,6.1,51.59,34.12,6.73,2.01,816044.0,72.1,257.73,208536.0,89.13,3686.53
9704,Kabupaten,91.14,Kabupaten Tolikara,Papua,Papua Pegunungan,97,8830.0,2176.0,3.57,52.05,31.22,2.79,0.42,675908.0,48.73,288.59,246375.0,82.4,3643.99
9705,Kabupaten,91.21,Kabupaten Mamberamo Tengah,Papua,Papua Pegunungan,97,28976.0,1554.0,4.03,50.72,35.27,5.1,1.31,713489.0,20.2,285.83,53631.0,13.08,3086.66
9706,Kabupaten,91.22,Kabupaten Yalimo,Papua,Papua Pegunungan,97,15773.0,1709.0,2.78,51.85,30.02,9.19,4.26,600536.0,21.44,243.53,108340.0,34.41,4003.52
9707,Kabupaten,91.13,Kabupaten Yahukimo,Papua,Papua Pegunungan,97,8478.0,3157.0,3.99,51.98,33.82,4.67,0.93,718084.0,68.32,169.54,372397.0,22.75,14614.75
9708,Kabupaten,91.12,Kabupaten Pegunungan Bintang,Papua,Papua Pegunungan,97,30334.0,2528.0,2.77,49.36,28.95,6.1,1.83,917115.0,22.87,302.53,83333.0,6.06,15286.65
