provinsi_asal,provinsi_tujuan,jumlah_migran,lon_asal,lat_asal,lon_tujuan,lat_tujuan
Sumatera Utara,Aceh,21622,99.2559,2.2854,97.1491,3.9119
Sumatera Barat,Aceh,1271,100.8827,-0.7958,97.1491,3.9119
Riau,Aceh,2076,101.5802,0.7067,97.1491,3.9119
Jambi,Aceh,474,102.6042,-1.7441,97.1491,3.9119
Sumatera Selatan,Aceh,379,104.2843,-3.2717,97.1491,3.9119
Bengkulu,Aceh,270,102.4712,-3.6014,97.1491,3.9119
Lampung,Aceh,390,105.1142,-4.8296,97.1491,3.9119
Kep. Bangka Belitung,Aceh,34,107.9076,-2.899,97.1491,3.9119
Kepulauan Riau,Aceh,921,108.1962,3.9241,97.1491,3.9119
DKI Jakarta,Aceh,2000,106.8471,-6.2396,97.1491,3.9119
Jawa Barat,Aceh,3038,107.6126,-6.8686,97.1491,3.9119
Jawa Tengah,Aceh,1191,109.6866,-7.308,97.1491,3.9119
DI Yogyakarta,Aceh,255,110.4118,-7.8742,97.1491,3.9119
Jawa Timur,Aceh,658,112.2791,-7.7692,97.1491,3.9119
Banten,Aceh,761,106.1333,-6.4401,97.1491,3.9119
Nusa Tenggara Barat,Aceh,86,117.2724,-8.5952,97.1491,3.9119
Kalimantan Barat,Aceh,100,111.0674,-0.481,97.1491,3.9119
Kalimantan Tengah,Aceh,2,113.4322,-1.3894,97.1491,3.9119
Kalimantan Selatan,Aceh,199,115.5176,-2.7478,97.1491,3.9119
Kalimantan Timur,Aceh,2,116.1401,0.1135,97.1491,3.9119
Kalimantan Utara,Aceh,26,116.4531,2.7302,97.1491,3.9119
Sulawesi Utara,Aceh,68,124.6214,1.0408,97.1491,3.9119
Sulawesi Tengah,Aceh,8,122.3859,-0.963,97.1491,3.9119
Sulawesi Selatan,Aceh,47,119.9435,-3.8389,97.1491,3.9119
Sulawesi Tenggara,Aceh,47,121.8742,-3.842,97.1491,3.9119
Gorontalo,Aceh,14,122.2616,0.665,97.1491,3.9119
Sulawesi Barat,Aceh,23,119.4169,-2.2052,97.1491,3.9119
Maluku,Aceh,48,126.6566,-3.4639,97.1491,3.9119
Maluku Utara,Aceh,13,124.8309,-1.8218,97.1491,3.9119
Papua Barat,Aceh,32,130.0646,-1.868,97.1491,3.9119
Papua,Aceh,93,139.3661,-5.3222,97.1491,3.9119
Aceh,Sumatera Utara,14485,97.1491,3.9119,99.2559,2.2854
Sumatera Barat,Sumatera Utara,9316,100.8827,-0.7958,99.2559,2.2854
Riau,Sumatera Utara,49179,101.5802,0.7067,99.2559,2.2854
Jambi,Sumatera Utara,6297,102.6042,-1.7441,99.2559,2.2854
Sumatera Selatan,Sumatera Utara,3498,104.2843,-3.2717,99.2559,2.2854
Bengkulu,Sumatera Utara,1794,102.4712,-3.6014,99.2559,2.2854
Lampung,Sumatera Utara,1461,105.1142,-4.8296,99.2559,2.2854
Kep. Bangka Belitung,Sumatera Utara,345,107.9076,-2.899,99.2559,2.2854
Kepulauan Riau,Sumatera Utara,18601,108.1962,3.9241,99.2559,2.2854
DKI Jakarta,Sumatera Utara,19064,106.8471,-6.2396,99.2559,2.2854
Jawa Barat,Sumatera Utara,21257,107.6126,-6.8686,99.2559,2.2854
Jawa Tengah,Sumatera Utara,3180,109.6866,-7.308,99.2559,2.2854
DI Yogyakarta,Sumatera Utara,1231,110.4118,-7.8742,99.2559,2.2854
Jawa Timur,Sumatera Utara,4116,112.2791,-7.7692,99.2559,2.2854
Banten,Sumatera Utara,6178,106.1333,-6.4401,99.2559,2.2854
Bali,Sumatera Utara,874,115.2623,-8.4457,99.2559,2.2854
Nusa Tenggara Barat,Sumatera Utara,823,117.2724,-8.5952,99.2559,2.2854
Nusa Tenggara Timur,Sumatera Utara,244,120.5987,-8.5095,99.2559,2.2854
Kalimantan Barat,Sumatera Utara,1695,111.0674,-0.481,99.2559,2.2854
Kalimantan Tengah,Sumatera Utara,1519,113.4322,-1.3894,99.2559,2.2854
Kalimantan Selatan,Sumatera Utara,813,115.5176,-2.7478,99.2559,2.2854
Kalimantan Timur,Sumatera Utara,1698,116.1401,0.1135,99.2559,2.2854
Kalimantan Utara,Sumatera Utara,320,116.4531,2.7302,99.2559,2.2854
Sulawesi Utara,Sumatera Utara,1064,124.6214,1.0408,99.2559,2.2854
Sulawesi Tengah,Sumatera Utara,250,122.3859,-0.963,99.2559,2.2854
Sulawesi Selatan,Sumatera Utara,726,119.9435,-3.8389,99.2559,2.2854
Sulawesi Tenggara,Sumatera Utara,171,121.8742,-3.842,99.2559,2.2854
Gorontalo,Sumatera Utara,57,122.2616,0.665,99.2559,2.2854
Sulawesi Barat,Sumatera Utara,45,119.4169,-2.2052,99.2559,2.2854
Maluku,Sumatera Utara,101,126.6566,-3.4639,99.2559,2.2854
Maluku Utara,Sumatera Utara,12,124.8309,-1.8218,99.2559,2.2854
Papua Barat,Sumatera Utara,324,130.0646,-1.868,99.2559,2.2854
Papua,Sumatera Utara,1574,139.3661,-5.3222,99.2559,2.2854
Aceh,Sumatera Barat,2161,97.1491,3.9119,100.8827,-0.7958
Sumatera Utara,Sumatera Barat,18150,99.2559,2.2854,100.8827,-0.7958
Riau,Sumatera Barat,45624,101.5802,0.7067,100.8827,-0.7958
Jambi,Sumatera Barat,14579,102.6042,-1.7441,100.8827,-0.7958
Sumatera Selatan,Sumatera Barat,4942,104.2843,-3.2717,100.8827,-0.7958
Bengkulu,Sumatera Barat,5331,102.4712,-3.6014,100.8827,-0.7958
Lampung,Sumatera Barat,3646,105.1142,-4.8296,100.8827,-0.7958
Kep. Bangka Belitung,Sumatera Barat,461,107.9076,-2.899,100.8827,-0.7958
Kepulauan Riau,Sumatera Barat,15324,108.1962,3.9241,100.8827,-0.7958
DKI Jakarta,Sumatera Barat,22428,106.8471,-6.2396,100.8827,-0.7958
Jawa Barat,Sumatera Barat,20448,107.6126,-6.8686,100.8827,-0.7958
Jawa Tengah,Sumatera Barat,4552,109.6866,-7.308,100.8827,-0.7958
DI Yogyakarta,Sumatera Barat,987,110.4118,-7.8742,100.8827,-0.7958
Jawa Timur,Sumatera Barat,2629,112.2791,-7.7692,100.8827,-0.7958
Banten,Sumatera Barat,7232,106.1333,-6.4401,100.8827,-0.7958
Bali,Sumatera Barat,733,115.2623,-8.4457,100.8827,-0.7958
Nusa Tenggara Barat,Sumatera Barat,385,117.2724,-8.5952,100.8827,-0.7958
Nusa Tenggara Timur,Sumatera Barat,376,120.5987,-8.5095,100.8827,-0.7958
Kalimantan Barat,Sumatera Barat,579,111.0674,-0.481,100.8827,-0.7958
Kalimantan Tengah,Sumatera Barat,474,113.4322,-1.3894,100.8827,-0.7958
Kalimantan Selatan,Sumatera Barat,192,115.5176,-2.7478,100.8827,-0.7958
Kalimantan Timur,Sumatera Barat,406,116.1401,0.1135,100.8827,-0.7958
Kalimantan Utara,Sumatera Barat,194,116.4531,2.7302,100.8827,-0.7958
Sulawesi Utara,Sumatera Barat,157,124.6214,1.0408,100.8827,-0.7958
Sulawesi Tengah,Sumatera Barat,29,122.3859,-0.963,100.8827,-0.7958
Sulawesi Selatan,Sumatera Barat,704,119.9435,-3.8389,100.8827,-0.7958
Sulawesi Tenggara,Sumatera Barat,126,121.8742,-3.842,100.8827,-0.7958
Gorontalo,Sumatera Barat,38,122.2616,0.665,100.8827,-0.7958
Sulawesi Barat,Sumatera Barat,8,119.4169,-2.2052,100.8827,-0.7958
Maluku,Sumatera Barat,102,126.6566,-3.4639,100.8827,-0.7958
Maluku Utara,Sumatera Barat,110,124.8309,-1.8218,100.8827,-0.7958
Papua Barat,Sumatera Barat,316,130.0646,-1.868,100.8827,-0.7958
Papua,Sumatera Barat,605,139.3661,-5.3222,100.8827,-0.7958
Aceh,Riau,2363,97.1491,3.9119,101.5802,0.7067
Sumatera Utara,Riau,65668,99.2559,2.2854,101.5802,0.7067
Sumatera Barat,Riau,21359,100.8827,-0.7958,101.5802,0.7067
Jambi,Riau,4359,102.6042,-1.7441,101.5802,0.7067
Sumatera Selatan,Riau,2715,104.2843,-3.2717,101.5802,0.7067
Bengkulu,Riau,936,102.4712,-3.6014,101.5802,0.7067
Lampung,Riau,2569,105.1142,-4.8296,101.5802,0.7067
Kep. Bangka Belitung,Riau,35,107.9076,-2.899,101.5802,0.7067
Kepulauan Riau,Riau,7531,108.1962,3.9241,101.5802,0.7067
DKI Jakarta,Riau,2643,106.8471,-6.2396,101.5802,0.7067
Jawa Barat,Riau,5352,107.6126,-6.8686,101.5802,0.7067
Jawa Tengah,Riau,5884,109.6866,-7.308,101.5802,0.7067
DI Yogyakarta,Riau,1514,110.4118,-7.8742,101.5802,0.7067
Jawa Timur,Riau,3610,112.2791,-7.7692,101.5802,0.7067
Banten,Riau,1339,106.1333,-6.4401,101.5802,0.7067
Bali,Riau,61,115.2623,-8.4457,101.5802,0.7067
Nusa Tenggara Barat,Riau,235,117.2724,-8.5952,101.5802,0.7067
Nusa Tenggara Timur,Riau,327,120.5987,-8.5095,101.5802,0.7067
Kalimantan Barat,Riau,324,111.0674,-0.481,101.5802,0.7067
Kalimantan Tengah,Riau,97,113.4322,-1.3894,101.5802,0.7067
Kalimantan Selatan,Riau,251,115.5176,-2.7478,101.5802,0.7067
Kalimantan Timur,Riau,272,116.1401,0.1135,101.5802,0.7067
Kalimantan Utara,Riau,100,116.4531,2.7302,101.5802,0.7067
Sulawesi Utara,Riau,67,124.6214,1.0408,101.5802,0.7067
Sulawesi Selatan,Riau,182,119.9435,-3.8389,101.5802,0.7067
Sulawesi Tenggara,Riau,82,121.8742,-3.842,101.5802,0.7067
Gorontalo,Riau,31,122.2616,0.665,101.5802,0.7067
Maluku Utara,Riau,6,124.8309,-1.8218,101.5802,0.7067
Papua Barat,Riau,22,130.0646,-1.868,101.5802,0.7067
Papua,Riau,17,139.3661,-5.3222,101.5802,0.7067
Aceh,Jambi,432,97.1491,3.9119,102.6042,-1.7441
Sumatera Utara,Jambi,7280,99.2559,2.2854,102.6042,-1.7441
Sumatera Barat,Jambi,8843,100.8827,-0.7958,102.6042,-1.7441
Riau,Jambi,5030,101.5802,0.7067,102.6042,-1.7441
Sumatera Selatan,Jambi,7325,104.2843,-3.2717,102.6042,-1.7441
Bengkulu,Jambi,1141,102.4712,-3.6014,102.6042,-1.7441
Lampung,Jambi,2875,105.1142,-4.8296,102.6042,-1.7441
Kep. Bangka Belitung,Jambi,266,107.9076,-2.899,102.6042,-1.7441
Kepulauan Riau,Jambi,1708,108.1962,3.9241,102.6042,-1.7441
DKI Jakarta,Jambi,1670,106.8471,-6.2396,102.6042,-1.7441
Jawa Barat,Jambi,2979,107.6126,-6.8686,102.6042,-1.7441
Jawa Tengah,Jambi,3741,109.6866,-7.308,102.6042,-1.7441
DI Yogyakarta,Jambi,592,110.4118,-7.8742,102.6042,-1.7441
Jawa Timur,Jambi,1790,112.2791,-7.7692,102.6042,-1.7441
Banten,Jambi,560,106.1333,-6.4401,102.6042,-1.7441
Bali,Jambi,80,115.2623,-8.4457,102.6042,-1.7441
Nusa Tenggara Barat,Jambi,117,117.2724,-8.5952,102.6042,-1.7441
Nusa Tenggara Timur,Jambi,85,120.5987,-8.5095,102.6042,-1.7441
Kalimantan Barat,Jambi,172,111.0674,-0.481,102.6042,-1.7441
Kalimantan Tengah,Jambi,179,113.4322,-1.3894,102.6042,-1.7441
Kalimantan Selatan,Jambi,20,115.5176,-2.7478,102.6042,-1.7441
Kalimantan Timur,Jambi,133,116.1401,0.1135,102.6042,-1.7441
Kalimantan Utara,Jambi,161,116.4531,2.7302,102.6042,-1.7441
Sulawesi Utara,Jambi,10,124.6214,1.0408,102.6042,-1.7441
Sulawesi Tengah,Jambi,18,122.3859,-0.963,102.6042,-1.7441
Sulawesi Selatan,Jambi,124,119.9435,-3.8389,102.6042,-1.7441
Sulawesi Tenggara,Jambi,89,121.8742,-3.842,102.6042,-1.7441
Sulawesi Barat,Jambi,73,119.4169,-2.2052,102.6042,-1.7441
Maluku,Jambi,35,126.6566,-3.4639,102.6042,-1.7441
Maluku Utara,Jambi,5,124.8309,-1.8218,102.6042,-1.7441
Papua,Jambi,224,139.3661,-5.3222,102.6042,-1.7441
Aceh,Sumatera Selatan,1024,97.1491,3.9119,104.2843,-3.2717
Sumatera Utara,Sumatera Selatan,3868,99.2559,2.2854,104.2843,-3.2717
Sumatera Barat,Sumatera Selatan,2304,100.8827,-0.7958,104.2843,-3.2717
Riau,Sumatera Selatan,2547,101.5802,0.7067,104.2843,-3.2717
Jambi,Sumatera Selatan,5056,102.6042,-1.7441,104.2843,-3.2717
Bengkulu,Sumatera Selatan,7846,102.4712,-3.6014,104.2843,-3.2717
Lampung,Sumatera Selatan,19987,105.1142,-4.8296,104.2843,-3.2717
Kep. Bangka Belitung,Sumatera Selatan,2641,107.9076,-2.899,104.2843,-3.2717
Kepulauan Riau,Sumatera Selatan,1574,108.1962,3.9241,104.2843,-3.2717
DKI Jakarta,Sumatera Selatan,5757,106.8471,-6.2396,104.2843,-3.2717
Jawa Barat,Sumatera Selatan,13239,107.6126,-6.8686,104.2843,-3.2717
Jawa Tengah,Sumatera Selatan,6659,109.6866,-7.308,104.2843,-3.2717
DI Yogyakarta,Sumatera Selatan,1819,110.4118,-7.8742,104.2843,-3.2717
Jawa Timur,Sumatera Selatan,4309,112.2791,-7.7692,104.2843,-3.2717
Banten,Sumatera Selatan,4046,106.1333,-6.4401,104.2843,-3.2717
Bali,Sumatera Selatan,328,115.2623,-8.4457,104.2843,-3.2717
Nusa Tenggara Barat,Sumatera Selatan,175,117.2724,-8.5952,104.2843,-3.2717
Nusa Tenggara Timur,Sumatera Selatan,38,120.5987,-8.5095,104.2843,-3.2717
Kalimantan Barat,Sumatera Selatan,231,111.0674,-0.481,104.2843,-3.2717
Kalimantan Tengah,Sumatera Selatan,207,113.4322,-1.3894,104.2843,-3.2717
Kalimantan Selatan,Sumatera Selatan,198,115.5176,-2.7478,104.2843,-3.2717
Kalimantan Timur,Sumatera Selatan,920,116.1401,0.1135,104.2843,-3.2717
Kalimantan Utara,Sumatera Selatan,92,116.4531,2.7302,104.2843,-3.2717
Sulawesi Utara,Sumatera Selatan,15,124.6214,1.0408,104.2843,-3.2717
Sulawesi Tengah,Sumatera Selatan,58,122.3859,-0.963,104.2843,-3.2717
Sulawesi Selatan,Sumatera Selatan,251,119.9435,-3.8389,104.2843,-3.2717
Sulawesi Tenggara,Sumatera Selatan,84,121.8742,-3.842,104.2843,-3.2717
Gorontalo,Sumatera Selatan,15,122.2616,0.665,104.2843,-3.2717
Sulawesi Barat,Sumatera Selatan,107,119.4169,-2.2052,104.2843,-3.2717
Maluku,Sumatera Selatan,41,126.6566,-3.4639,104.2843,-3.2717
Papua,Sumatera Selatan,248,139.3661,-5.3222,104.2843,-3.2717
Aceh,Bengkulu,318,97.1491,3.9119,102.4712,-3.6014
Sumatera Utara,Bengkulu,2100,99.2559,2.2854,102.4712,-3.6014
Sumatera Barat,Bengkulu,2665,100.8827,-0.7958,102.4712,-3.6014
Riau,Bengkulu,1230,101.5802,0.7067,102.4712,-3.6014
Jambi,Bengkulu,2479,102.6042,-1.7441,102.4712,-3.6014
Sumatera Selatan,Bengkulu,8714,104.2843,-3.2717,102.4712,-3.6014
Lampung,Bengkulu,3466,105.1142,-4.8296,102.4712,-3.6014
Kep. Bangka Belitung,Bengkulu,281,107.9076,-2.899,102.4712,-3.6014
Kepulauan Riau,Bengkulu,766,108.1962,3.9241,102.4712,-3.6014
DKI Jakarta,Bengkulu,2108,106.8471,-6.2396,102.4712,-3.6014
Jawa Barat,Bengkulu,4523,107.6126,-6.8686,102.4712,-3.6014
Jawa Tengah,Bengkulu,1857,109.6866,-7.308,102.4712,-3.6014
DI Yogyakarta,Bengkulu,863,110.4118,-7.8742,102.4712,-3.6014
Jawa Timur,Bengkulu,1107,112.2791,-7.7692,102.4712,-3.6014
Banten,Bengkulu,888,106.1333,-6.4401,102.4712,-3.6014
Bali,Bengkulu,96,115.2623,-8.4457,102.4712,-3.6014
Nusa Tenggara Barat,Bengkulu,69,117.2724,-8.5952,102.4712,-3.6014
Nusa Tenggara Timur,Bengkulu,12,120.5987,-8.5095,102.4712,-3.6014
Kalimantan Barat,Bengkulu,131,111.0674,-0.481,102.4712,-3.6014
Kalimantan Tengah,Bengkulu,109,113.4322,-1.3894,102.4712,-3.6014
Kalimantan Selatan,Bengkulu,63,115.5176,-2.7478,102.4712,-3.6014
Kalimantan Timur,Bengkulu,123,116.1401,0.1135,102.4712,-3.6014
Kalimantan Utara,Bengkulu,10,116.4531,2.7302,102.4712,-3.6014
Sulawesi Utara,Bengkulu,18,124.6214,1.0408,102.4712,-3.6014
Sulawesi Tengah,Bengkulu,8,122.3859,-0.963,102.4712,-3.6014
Sulawesi Selatan,Bengkulu,101,119.9435,-3.8389,102.4712,-3.6014
Sulawesi Barat,Bengkulu,105,119.4169,-2.2052,102.4712,-3.6014
Maluku,Bengkulu,43,126.6566,-3.4639,102.4712,-3.6014
Maluku Utara,Bengkulu,13,124.8309,-1.8218,102.4712,-3.6014
Papua Barat,Bengkulu,4,130.0646,-1.868,102.4712,-3.6014
Papua,Bengkulu,182,139.3661,-5.3222,102.4712,-3.6014
Aceh,Lampung,503,97.1491,3.9119,105.1142,-4.8296
Sumatera Utara,Lampung,2614,99.2559,2.2854,105.1142,-4.8296
Sumatera Barat,Lampung,2031,100.8827,-0.7958,105.1142,-4.8296
Riau,Lampung,2383,101.5802,0.7067,105.1142,-4.8296
Jambi,Lampung,2169,102.6042,-1.7441,105.1142,-4.8296
Sumatera Selatan,Lampung,24030,104.2843,-3.2717,105.1142,-4.8296
Bengkulu,Lampung,1763,102.4712,-3.6014,105.1142,-4.8296
Kep. Bangka Belitung,Lampung,2306,107.9076,-2.899,105.1142,-4.8296
Kepulauan Riau,Lampung,1267,108.1962,3.9241,105.1142,-4.8296
DKI Jakarta,Lampung,18517,106.8471,-6.2396,105.1142,-4.8296
Jawa Barat,Lampung,20634,107.6126,-6.8686,105.1142,-4.8296
Jawa Tengah,Lampung,8402,109.6866,-7.308,105.1142,-4.8296
DI Yogyakarta,Lampung,2307,110.4118,-7.8742,105.1142,-4.8296
Jawa Timur,Lampung,7216,112.2791,-7.7692,105.1142,-4.8296
Banten,Lampung,18099,106.1333,-6.4401,105.1142,-4.8296
Bali,Lampung,773,115.2623,-8.4457,105.1142,-4.8296
Nusa Tenggara Barat,Lampung,44,117.2724,-8.5952,105.1142,-4.8296
Nusa Tenggara Timur,Lampung,74,120.5987,-8.5095,105.1142,-4.8296
Kalimantan Barat,Lampung,1139,111.0674,-0.481,105.1142,-4.8296
Kalimantan Tengah,Lampung,314,113.4322,-1.3894,105.1142,-4.8296
Kalimantan Selatan,Lampung,606,115.5176,-2.7478,105.1142,-4.8296
Kalimantan Timur,Lampung,1058,116.1401,0.1135,105.1142,-4.8296
Sulawesi Utara,Lampung,141,124.6214,1.0408,105.1142,-4.8296
Sulawesi Tengah,Lampung,118,122.3859,-0.963,105.1142,-4.8296
Sulawesi Selatan,Lampung,616,119.9435,-3.8389,105.1142,-4.8296
Sulawesi Tenggara,Lampung,109,121.8742,-3.842,105.1142,-4.8296
Gorontalo,Lampung,31,122.2616,0.665,105.1142,-4.8296
Sulawesi Barat,Lampung,3,119.4169,-2.2052,105.1142,-4.8296
Maluku,Lampung,142,126.6566,-3.4639,105.1142,-4.8296
Papua Barat,Lampung,373,130.0646,-1.868,105.1142,-4.8296
Papua,Lampung,401,139.3661,-5.3222,105.1142,-4.8296
Aceh,Kep. Bangka Belitung,51,97.1491,3.9119,107.9076,-2.899
Sumatera Utara,Kep. Bangka Belitung,823,99.2559,2.2854,107.9076,-2.899
Sumatera Barat,Kep. Bangka Belitung,590,100.8827,-0.7958,107.9076,-2.899
Riau,Kep. Bangka Belitung,344,101.5802,0.7067,107.9076,-2.899
Jambi,Kep. Bangka Belitung,640,102.6042,-1.7441,107.9076,-2.899
Sumatera Selatan,Kep. Bangka Belitung,7400,104.2843,-3.2717,107.9076,-2.899
Bengkulu,Kep. Bangka Belitung,332,102.4712,-3.6014,107.9076,-2.899
Lampung,Kep. Bangka Belitung,3030,105.1142,-4.8296,107.9076,-2.899
Kepulauan Riau,Kep. Bangka Belitung,800,108.1962,3.9241,107.9076,-2.899
DKI Jakarta,Kep. Bangka Belitung,3638,106.8471,-6.2396,107.9076,-2.899
Jawa Barat,Kep. Bangka Belitung,4325,107.6126,-6.8686,107.9076,-2.899
Jawa Tengah,Kep. Bangka Belitung,2072,109.6866,-7.308,107.9076,-2.899
DI Yogyakarta,Kep. Bangka Belitung,1174,110.4118,-7.8742,107.9076,-2.899
Jawa Timur,Kep. Bangka Belitung,1507,112.2791,-7.7692,107.9076,-2.899
Banten,Kep. Bangka Belitung,1146,106.1333,-6.4401,107.9076,-2.899
Bali,Kep. Bangka Belitung,117,115.2623,-8.4457,107.9076,-2.899
Nusa Tenggara Barat,Kep. Bangka Belitung,591,117.2724,-8.5952,107.9076,-2.899
Nusa Tenggara Timur,Kep. Bangka Belitung,113,120.5987,-8.5095,107.9076,-2.899
Kalimantan Barat,Kep. Bangka Belitung,210,111.0674,-0.481,107.9076,-2.899
Kalimantan Tengah,Kep. Bangka Belitung,51,113.4322,-1.3894,107.9076,-2.899
Kalimantan Selatan,Kep. Bangka Belitung,33,115.5176,-2.7478,107.9076,-2.899
Kalimantan Timur,Kep. Bangka Belitung,112,116.1401,0.1135,107.9076,-2.899
Kalimantan Utara,Kep. Bangka Belitung,82,116.4531,2.7302,107.9076,-2.899
Sulawesi Utara,Kep. Bangka Belitung,52,124.6214,1.0408,107.9076,-2.899
Sulawesi Tengah,Kep. Bangka Belitung,144,122.3859,-0.963,107.9076,-2.899
Sulawesi Selatan,Kep. Bangka Belitung,261,119.9435,-3.8389,107.9076,-2.899
Sulawesi Tenggara,Kep. Bangka Belitung,378,121.8742,-3.842,107.9076,-2.899
Gorontalo,Kep. Bangka Belitung,75,122.2616,0.665,107.9076,-2.899
Sulawesi Barat,Kep. Bangka Belitung,86,119.4169,-2.2052,107.9076,-2.899
Maluku,Kep. Bangka Belitung,2,126.6566,-3.4639,107.9076,-2.899
Maluku Utara,Kep. Bangka Belitung,22,124.8309,-1.8218,107.9076,-2.899
Papua Barat,Kep. Bangka Belitung,17,130.0646,-1.868,107.9076,-2.899
Papua,Kep. Bangka Belitung,2,139.3661,-5.3222,107.9076,-2.899
Aceh,Kepulauan Riau,1871,97.1491,3.9119,108.1962,3.9241
Sumatera Utara,Kepulauan Riau,24366,99.2559,2.2854,108.1962,3.9241
Sumatera Barat,Kepulauan Riau,11221,100.8827,-0.7958,108.1962,3.9241
Riau,Kepulauan Riau,13622,101.5802,0.7067,108.1962,3.9241
Jambi,Kepulauan Riau,2103,102.6042,-1.7441,108.1962,3.9241
Sumatera Selatan,Kepulauan Riau,4643,104.2843,-3.2717,108.1962,3.9241
Bengkulu,Kepulauan Riau,970,102.4712,-3.6014,108.1962,3.9241
Lampung,Kepulauan Riau,2422,105.1142,-4.8296,108.1962,3.9241
Kep. Bangka Belitung,Kepulauan Riau,726,107.9076,-2.899,108.1962,3.9241
DKI Jakarta,Kepulauan Riau,3380,106.8471,-6.2396,108.1962,3.9241
Jawa Barat,Kepulauan Riau,5696,107.6126,-6.8686,108.1962,3.9241
Jawa Tengah,Kepulauan Riau,6625,109.6866,-7.308,108.1962,3.9241
DI Yogyakarta,Kepulauan Riau,1116,110.4118,-7.8742,108.1962,3.9241
Jawa Timur,Kepulauan Riau,6250,112.2791,-7.7692,108.1962,3.9241
Banten,Kepulauan Riau,843,106.1333,-6.4401,108.1962,3.9241
Bali,Kepulauan Riau,439,115.2623,-8.4457,108.1962,3.9241
Nusa Tenggara Barat,Kepulauan Riau,612,117.2724,-8.5952,108.1962,3.9241
Nusa Tenggara Timur,Kepulauan Riau,1902,120.5987,-8.5095,108.1962,3.9241
Kalimantan Barat,Kepulauan Riau,1441,111.0674,-0.481,108.1962,3.9241
Kalimantan Tengah,Kepulauan Riau,139,113.4322,-1.3894,108.1962,3.9241
Kalimantan Selatan,Kepulauan Riau,225,115.5176,-2.7478,108.1962,3.9241
Kalimantan Timur,Kepulauan Riau,249,116.1401,0.1135,108.1962,3.9241
Kalimantan Utara,Kepulauan Riau,73,116.4531,2.7302,108.1962,3.9241
Sulawesi Utara,Kepulauan Riau,186,124.6214,1.0408,108.1962,3.9241
Sulawesi Tengah,Kepulauan Riau,50,122.3859,-0.963,108.1962,3.9241
Sulawesi Selatan,Kepulauan Riau,891,119.9435,-3.8389,108.1962,3.9241
Sulawesi Tenggara,Kepulauan Riau,607,121.8742,-3.842,108.1962,3.9241
Maluku,Kepulauan Riau,18,126.6566,-3.4639,108.1962,3.9241
Papua Barat,Kepulauan Riau,83,130.0646,-1.868,108.1962,3.9241
Papua,Kepulauan Riau,42,139.3661,-5.3222,108.1962,3.9241
Aceh,DKI Jakarta,949,97.1491,3.9119,106.8471,-6.2396
Sumatera Utara,DKI Jakarta,8108,99.2559,2.2854,106.8471,-6.2396
Sumatera Barat,DKI Jakarta,5040,100.8827,-0.7958,106.8471,-6.2396
Riau,DKI Jakarta,2317,101.5802,0.7067,106.8471,-6.2396
Jambi,DKI Jakarta,892,102.6042,-1.7441,106.8471,-6.2396
Sumatera Selatan,DKI Jakarta,3055,104.2843,-3.2717,106.8471,-6.2396
Bengkulu,DKI Jakarta,298,102.4712,-3.6014,106.8471,-6.2396
Lampung,DKI Jakarta,6189,105.1142,-4.8296,106.8471,-6.2396
Kep. Bangka Belitung,DKI Jakarta,708,107.9076,-2.899,106.8471,-6.2396
Kepulauan Riau,DKI Jakarta,933,108.1962,3.9241,106.8471,-6.2396
Jawa Barat,DKI Jakarta,76296,107.6126,-6.8686,106.8471,-6.2396
Jawa Tengah,DKI Jakarta,48201,109.6866,-7.308,106.8471,-6.2396
DI Yogyakarta,DKI Jakarta,3861,110.4118,-7.8742,106.8471,-6.2396
Jawa Timur,DKI Jakarta,16879,112.2791,-7.7692,106.8471,-6.2396
Banten,DKI Jakarta,22916,106.1333,-6.4401,106.8471,-6.2396
Bali,DKI Jakarta,1212,115.2623,-8.4457,106.8471,-6.2396
Nusa Tenggara Barat,DKI Jakarta,1137,117.2724,-8.5952,106.8471,-6.2396
Nusa Tenggara Timur,DKI Jakarta,1505,120.5987,-8.5095,106.8471,-6.2396
Kalimantan Barat,DKI Jakarta,2270,111.0674,-0.481,106.8471,-6.2396
Kalimantan Tengah,DKI Jakarta,355,113.4322,-1.3894,106.8471,-6.2396
Kalimantan Selatan,DKI Jakarta,835,115.5176,-2.7478,106.8471,-6.2396
Kalimantan Timur,DKI Jakarta,688,116.1401,0.1135,106.8471,-6.2396
Kalimantan Utara,DKI Jakarta,127,116.4531,2.7302,106.8471,-6.2396
Sulawesi Utara,DKI Jakarta,618,124.6214,1.0408,106.8471,-6.2396
Sulawesi Tengah,DKI Jakarta,35,122.3859,-0.963,106.8471,-6.2396
Sulawesi Selatan,DKI Jakarta,2443,119.9435,-3.8389,106.8471,-6.2396
Sulawesi Tenggara,DKI Jakarta,112,121.8742,-3.842,106.8471,-6.2396
Gorontalo,DKI Jakarta,135,122.2616,0.665,106.8471,-6.2396
Sulawesi Barat,DKI Jakarta,39,119.4169,-2.2052,106.8471,-6.2396
Maluku,DKI Jakarta,616,126.6566,-3.4639,106.8471,-6.2396
Maluku Utara,DKI Jakarta,242,124.8309,-1.8218,106.8471,-6.2396
Papua Barat,DKI Jakarta,122,130.0646,-1.868,106.8471,-6.2396
Papua,DKI Jakarta,862,139.3661,-5.3222,106.8471,-6.2396
Aceh,Jawa Barat,3728,97.1491,3.9119,107.6126,-6.8686
Sumatera Utara,Jawa Barat,19801,99.2559,2.2854,107.6126,-6.8686
Sumatera Barat,Jawa Barat,12287,100.8827,-0.7958,107.6126,-6.8686
Riau,Jawa Barat,5251,101.5802,0.7067,107.6126,-6.8686
Jambi,Jawa Barat,3227,102.6042,-1.7441,107.6126,-6.8686
Sumatera Selatan,Jawa Barat,10468,104.2843,-3.2717,107.6126,-6.8686
Bengkulu,Jawa Barat,2515,102.4712,-3.6014,107.6126,-6.8686
Lampung,Jawa Barat,15702,105.1142,-4.8296,107.6126,-6.8686
Kep. Bangka Belitung,Jawa Barat,1562,107.9076,-2.899,107.6126,-6.8686
Kepulauan Riau,Jawa Barat,3414,108.1962,3.9241,107.6126,-6.8686
DKI Jakarta,Jawa Barat,339634,106.8471,-6.2396,107.6126,-6.8686
Jawa Tengah,Jawa Barat,123205,109.6866,-7.308,107.6126,-6.8686
DI Yogyakarta,Jawa Barat,8554,110.4118,-7.8742,107.6126,-6.8686
Jawa Timur,Jawa Barat,32723,112.2791,-7.7692,107.6126,-6.8686
Banten,Jawa Barat,71956,106.1333,-6.4401,107.6126,-6.8686
Bali,Jawa Barat,3179,115.2623,-8.4457,107.6126,-6.8686
Nusa Tenggara Barat,Jawa Barat,1468,117.2724,-8.5952,107.6126,-6.8686
Nusa Tenggara Timur,Jawa Barat,787,120.5987,-8.5095,107.6126,-6.8686
Kalimantan Barat,Jawa Barat,4691,111.0674,-0.481,107.6126,-6.8686
Kalimantan Tengah,Jawa Barat,1120,113.4322,-1.3894,107.6126,-6.8686
Kalimantan Selatan,Jawa Barat,1865,115.5176,-2.7478,107.6126,-6.8686
Kalimantan Timur,Jawa Barat,3689,116.1401,0.1135,107.6126,-6.8686
Kalimantan Utara,Jawa Barat,611,116.4531,2.7302,107.6126,-6.8686
Sulawesi Utara,Jawa Barat,1095,124.6214,1.0408,107.6126,-6.8686
Sulawesi Tengah,Jawa Barat,1068,122.3859,-0.963,107.6126,-6.8686
Sulawesi Selatan,Jawa Barat,3129,119.9435,-3.8389,107.6126,-6.8686
Sulawesi Tenggara,Jawa Barat,900,121.8742,-3.842,107.6126,-6.8686
Gorontalo,Jawa Barat,448,122.2616,0.665,107.6126,-6.8686
Sulawesi Barat,Jawa Barat,68,119.4169,-2.2052,107.6126,-6.8686
Maluku,Jawa Barat,1101,126.6566,-3.4639,107.6126,-6.8686
Maluku Utara,Jawa Barat,294,124.8309,-1.8218,107.6126,-6.8686
Papua Barat,Jawa Barat,506,130.0646,-1.868,107.6126,-6.8686
Papua,Jawa Barat,1752,139.3661,-5.3222,107.6126,-6.8686
Aceh,Jawa Tengah,2733,97.1491,3.9119,109.6866,-7.308
Sumatera Utara,Jawa Tengah,6751,99.2559,2.2854,109.6866,-7.308
Sumatera Barat,Jawa Tengah,5212,100.8827,-0.7958,109.6866,-7.308
Riau,Jawa Tengah,8893,101.5802,0.7067,109.6866,-7.308
Jambi,Jawa Tengah,11217,102.6042,-1.7441,109.6866,-7.308
Sumatera Selatan,Jawa Tengah,12127,104.2843,-3.2717,109.6866,-7.308
Bengkulu,Jawa Tengah,2183,102.4712,-3.6014,109.6866,-7.308
Lampung,Jawa Tengah,12986,105.1142,-4.8296,109.6866,-7.308
Kep. Bangka Belitung,Jawa Tengah,2784,107.9076,-2.899,109.6866,-7.308
Kepulauan Riau,Jawa Tengah,12124,108.1962,3.9241,109.6866,-7.308
DKI Jakarta,Jawa Tengah,188939,106.8471,-6.2396,109.6866,-7.308
Jawa Barat,Jawa Tengah,173999,107.6126,-6.8686,109.6866,-7.308
DI Yogyakarta,Jawa Tengah,49606,110.4118,-7.8742,109.6866,-7.308
Jawa Timur,Jawa Tengah,63399,112.2791,-7.7692,109.6866,-7.308
Banten,Jawa Tengah,65752,106.1333,-6.4401,109.6866,-7.308
Bali,Jawa Tengah,6639,115.2623,-8.4457,109.6866,-7.308
Nusa Tenggara Barat,Jawa Tengah,2437,117.2724,-8.5952,109.6866,-7.308
Nusa Tenggara Timur,Jawa Tengah,3353,120.5987,-8.5095,109.6866,-7.308
Kalimantan Barat,Jawa Tengah,12226,111.0674,-0.481,109.6866,-7.308
Kalimantan Tengah,Jawa Tengah,29980,113.4322,-1.3894,109.6866,-7.308
Kalimantan Selatan,Jawa Tengah,7190,115.5176,-2.7478,109.6866,-7.308
Kalimantan Timur,Jawa Tengah,14121,116.1401,0.1135,109.6866,-7.308
Kalimantan Utara,Jawa Tengah,551,116.4531,2.7302,109.6866,-7.308
Sulawesi Utara,Jawa Tengah,1009,124.6214,1.0408,109.6866,-7.308
Sulawesi Tengah,Jawa Tengah,3260,122.3859,-0.963,109.6866,-7.308
Sulawesi Selatan,Jawa Tengah,4485,119.9435,-3.8389,109.6866,-7.308
Sulawesi Tenggara,Jawa Tengah,1163,121.8742,-3.842,109.6866,-7.308
Gorontalo,Jawa Tengah,649,122.2616,0.665,109.6866,-7.308
Sulawesi Barat,Jawa Tengah,391,119.4169,-2.2052,109.6866,-7.308
Maluku,Jawa Tengah,2105,126.6566,-3.4639,109.6866,-7.308
Maluku Utara,Jawa Tengah,848,124.8309,-1.8218,109.6866,-7.308
Papua Barat,Jawa Tengah,2479,130.0646,-1.868,109.6866,-7.308
Papua,Jawa Tengah,5984,139.3661,-5.3222,109.6866,-7.308
Aceh,DI Yogyakarta,808,97.1491,3.9119,110.4118,-7.8742
Sumatera Utara,DI Yogyakarta,3639,99.2559,2.2854,110.4118,-7.8742
Sumatera Barat,DI Yogyakarta,1322,100.8827,-0.7958,110.4118,-7.8742
Riau,DI Yogyakarta,3505,101.5802,0.7067,110.4118,-7.8742
Jambi,DI Yogyakarta,1931,102.6042,-1.7441,110.4118,-7.8742
Sumatera Selatan,DI Yogyakarta,4546,104.2843,-3.2717,110.4118,-7.8742
Bengkulu,DI Yogyakarta,1172,102.4712,-3.6014,110.4118,-7.8742
Lampung,DI Yogyakarta,4361,105.1142,-4.8296,110.4118,-7.8742
Kep. Bangka Belitung,DI Yogyakarta,1104,107.9076,-2.899,110.4118,-7.8742
Kepulauan Riau,DI Yogyakarta,2028,108.1962,3.9241,110.4118,-7.8742
DKI Jakarta,DI Yogyakarta,15291,106.8471,-6.2396,110.4118,-7.8742
Jawa Barat,DI Yogyakarta,24533,107.6126,-6.8686,110.4118,-7.8742
Jawa Tengah,DI Yogyakarta,59708,109.6866,-7.308,110.4118,-7.8742
Jawa Timur,DI Yogyakarta,15873,112.2791,-7.7692,110.4118,-7.8742
Banten,DI Yogyakarta,9332,106.1333,-6.4401,110.4118,-7.8742
Bali,DI Yogyakarta,1892,115.2623,-8.4457,110.4118,-7.8742
Nusa Tenggara Barat,DI Yogyakarta,1847,117.2724,-8.5952,110.4118,-7.8742
Nusa Tenggara Timur,DI Yogyakarta,2625,120.5987,-8.5095,110.4118,-7.8742
Kalimantan Barat,DI Yogyakarta,2654,111.0674,-0.481,110.4118,-7.8742
Kalimantan Tengah,DI Yogyakarta,2289,113.4322,-1.3894,110.4118,-7.8742
Kalimantan Selatan,DI Yogyakarta,1866,115.5176,-2.7478,110.4118,-7.8742
Kalimantan Timur,DI Yogyakarta,4158,116.1401,0.1135,110.4118,-7.8742
Kalimantan Utara,DI Yogyakarta,587,116.4531,2.7302,110.4118,-7.8742
Sulawesi Utara,DI Yogyakarta,279,124.6214,1.0408,110.4118,-7.8742
Sulawesi Tengah,DI Yogyakarta,1033,122.3859,-0.963,110.4118,-7.8742
Sulawesi Selatan,DI Yogyakarta,1372,119.9435,-3.8389,110.4118,-7.8742
Sulawesi Tenggara,DI Yogyakarta,877,121.8742,-3.842,110.4118,-7.8742
Gorontalo,DI Yogyakarta,68,122.2616,0.665,110.4118,-7.8742
Sulawesi Barat,DI Yogyakarta,77,119.4169,-2.2052,110.4118,-7.8742
Maluku,DI Yogyakarta,1271,126.6566,-3.4639,110.4118,-7.8742
Maluku Utara,DI Yogyakarta,452,124.8309,-1.8218,110.4118,-7.8742
Papua Barat,DI Yogyakarta,537,130.0646,-1.868,110.4118,-7.8742
Papua,DI Yogyakarta,2427,139.3661,-5.3222,110.4118,-7.8742
Aceh,Jawa Timur,1799,97.1491,3.9119,112.2791,-7.7692
Sumatera Utara,Jawa Timur,4664,99.2559,2.2854,112.2791,-7.7692
Sumatera Barat,Jawa Timur,2377,100.8827,-0.7958,112.2791,-7.7692
Riau,Jawa Timur,4530,101.5802,0.7067,112.2791,-7.7692
Jambi,Jawa Timur,1577,102.6042,-1.7441,112.2791,-7.7692
Sumatera Selatan,Jawa Timur,7635,104.2843,-3.2717,112.2791,-7.7692
Bengkulu,Jawa Timur,1040,102.4712,-3.6014,112.2791,-7.7692
Lampung,Jawa Timur,5596,105.1142,-4.8296,112.2791,-7.7692
Kep. Bangka Belitung,Jawa Timur,1123,107.9076,-2.899,112.2791,-7.7692
Kepulauan Riau,Jawa Timur,6453,108.1962,3.9241,112.2791,-7.7692
DKI Jakarta,Jawa Timur,31387,106.8471,-6.2396,112.2791,-7.7692
Jawa Barat,Jawa Timur,36330,107.6126,-6.8686,112.2791,-7.7692
Jawa Tengah,Jawa Timur,47761,109.6866,-7.308,112.2791,-7.7692
DI Yogyakarta,Jawa Timur,5859,110.4118,-7.8742,112.2791,-7.7692
Banten,Jawa Timur,11700,106.1333,-6.4401,112.2791,-7.7692
Bali,Jawa Timur,26708,115.2623,-8.4457,112.2791,-7.7692
Nusa Tenggara Barat,Jawa Timur,3982,117.2724,-8.5952,112.2791,-7.7692
Nusa Tenggara Timur,Jawa Timur,6175,120.5987,-8.5095,112.2791,-7.7692
Kalimantan Barat,Jawa Timur,4667,111.0674,-0.481,112.2791,-7.7692
Kalimantan Tengah,Jawa Timur,9766,113.4322,-1.3894,112.2791,-7.7692
Kalimantan Selatan,Jawa Timur,9094,115.5176,-2.7478,112.2791,-7.7692
Kalimantan Timur,Jawa Timur,22712,116.1401,0.1135,112.2791,-7.7692
Kalimantan Utara,Jawa Timur,3171,116.4531,2.7302,112.2791,-7.7692
Sulawesi Utara,Jawa Timur,2487,124.6214,1.0408,112.2791,-7.7692
Sulawesi Tengah,Jawa Timur,1547,122.3859,-0.963,112.2791,-7.7692
Sulawesi Selatan,Jawa Timur,4764,119.9435,-3.8389,112.2791,-7.7692
Sulawesi Tenggara,Jawa Timur,1339,121.8742,-3.842,112.2791,-7.7692
Gorontalo,Jawa Timur,236,122.2616,0.665,112.2791,-7.7692
Sulawesi Barat,Jawa Timur,363,119.4169,-2.2052,112.2791,-7.7692
Maluku,Jawa Timur,2084,126.6566,-3.4639,112.2791,-7.7692
Maluku Utara,Jawa Timur,1104,124.8309,-1.8218,112.2791,-7.7692
Papua Barat,Jawa Timur,4010,130.0646,-1.868,112.2791,-7.7692
Papua,Jawa Timur,7956,139.3661,-5.3222,112.2791,-7.7692
Aceh,Banten,774,97.1491,3.9119,106.1333,-6.4401
Sumatera Utara,Banten,5582,99.2559,2.2854,106.1333,-6.4401
Sumatera Barat,Banten,2469,100.8827,-0.7958,106.1333,-6.4401
Riau,Banten,1339,101.5802,0.7067,106.1333,-6.4401
Jambi,Banten,1047,102.6042,-1.7441,106.1333,-6.4401
Sumatera Selatan,Banten,5788,104.2843,-3.2717,106.1333,-6.4401
Bengkulu,Banten,578,102.4712,-3.6014,106.1333,-6.4401
Lampung,Banten,11927,105.1142,-4.8296,106.1333,-6.4401
Kep. Bangka Belitung,Banten,1354,107.9076,-2.899,106.1333,-6.4401
Kepulauan Riau,Banten,719,108.1962,3.9241,106.1333,-6.4401
DKI Jakarta,Banten,103105,106.8471,-6.2396,106.1333,-6.4401
Jawa Barat,Banten,52798,107.6126,-6.8686,106.1333,-6.4401
Jawa Tengah,Banten,29622,109.6866,-7.308,106.1333,-6.4401
DI Yogyakarta,Banten,3894,110.4118,-7.8742,106.1333,-6.4401
Jawa Timur,Banten,9152,112.2791,-7.7692,106.1333,-6.4401
Bali,Banten,476,115.2623,-8.4457,106.1333,-6.4401
Nusa Tenggara Barat,Banten,444,117.2724,-8.5952,106.1333,-6.4401
Nusa Tenggara Timur,Banten,333,120.5987,-8.5095,106.1333,-6.4401
Kalimantan Barat,Banten,1002,111.0674,-0.481,106.1333,-6.4401
Kalimantan Tengah,Banten,268,113.4322,-1.3894,106.1333,-6.4401
Kalimantan Selatan,Banten,521,115.5176,-2.7478,106.1333,-6.4401
Kalimantan Timur,Banten,703,116.1401,0.1135,106.1333,-6.4401
Kalimantan Utara,Banten,6,116.4531,2.7302,106.1333,-6.4401
Sulawesi Utara,Banten,474,124.6214,1.0408,106.1333,-6.4401
Sulawesi Tengah,Banten,292,122.3859,-0.963,106.1333,-6.4401
Sulawesi Selatan,Banten,916,119.9435,-3.8389,106.1333,-6.4401
Sulawesi Tenggara,Banten,162,121.8742,-3.842,106.1333,-6.4401
Gorontalo,Banten,48,122.2616,0.665,106.1333,-6.4401
Maluku,Banten,269,126.6566,-3.4639,106.1333,-6.4401
Maluku Utara,Banten,18,124.8309,-1.8218,106.1333,-6.4401
Papua Barat,Banten,85,130.0646,-1.868,106.1333,-6.4401
Papua,Banten,112,139.3661,-5.3222,106.1333,-6.4401
Aceh,Bali,144,97.1491,3.9119,115.2623,-8.4457
Sumatera Utara,Bali,746,99.2559,2.2854,115.2623,-8.4457
Sumatera Barat,Bali,190,100.8827,-0.7958,115.2623,-8.4457
Riau,Bali,222,101.5802,0.7067,115.2623,-8.4457
Jambi,Bali,35,102.6042,-1.7441,115.2623,-8.4457
Sumatera Selatan,Bali,889,104.2843,-3.2717,115.2623,-8.4457
Bengkulu,Bali,5,102.4712,-3.6014,115.2623,-8.4457
Lampung,Bali,1275,105.1142,-4.8296,115.2623,-8.4457
Kep. Bangka Belitung,Bali,100,107.9076,-2.899,115.2623,-8.4457
Kepulauan Riau,Bali,93,108.1962,3.9241,115.2623,-8.4457
DKI Jakarta,Bali,2897,106.8471,-6.2396,115.2623,-8.4457
Jawa Barat,Bali,2879,107.6126,-6.8686,115.2623,-8.4457
Jawa Tengah,Bali,2469,109.6866,-7.308,115.2623,-8.4457
DI Yogyakarta,Bali,689,110.4118,-7.8742,115.2623,-8.4457
Jawa Timur,Bali,20182,112.2791,-7.7692,115.2623,-8.4457
Banten,Bali,750,106.1333,-6.4401,115.2623,-8.4457
Nusa Tenggara Barat,Bali,3713,117.2724,-8.5952,115.2623,-8.4457
Nusa Tenggara Timur,Bali,6336,120.5987,-8.5095,115.2623,-8.4457
Kalimantan Barat,Bali,260,111.0674,-0.481,115.2623,-8.4457
Kalimantan Tengah,Bali,80,113.4322,-1.3894,115.2623,-8.4457
Kalimantan Selatan,Bali,79,115.5176,-2.7478,115.2623,-8.4457
Kalimantan Timur,Bali,302,116.1401,0.1135,115.2623,-8.4457
Sulawesi Utara,Bali,226,124.6214,1.0408,115.2623,-8.4457
Sulawesi Tengah,Bali,820,122.3859,-0.963,115.2623,-8.4457
Sulawesi Selatan,Bali,438,119.9435,-3.8389,115.2623,-8.4457
Sulawesi Tenggara,Bali,334,121.8742,-3.842,115.2623,-8.4457
Gorontalo,Bali,16,122.2616,0.665,115.2623,-8.4457
Sulawesi Barat,Bali,160,119.4169,-2.2052,115.2623,-8.4457
Maluku,Bali,117,126.6566,-3.4639,115.2623,-8.4457
Maluku Utara,Bali,22,124.8309,-1.8218,115.2623,-8.4457
Papua Barat,Bali,108,130.0646,-1.868,115.2623,-8.4457
Papua,Bali,245,139.3661,-5.3222,115.2623,-8.4457
Aceh,Nusa Tenggara Barat,304,97.1491,3.9119,117.2724,-8.5952
Sumatera Utara,Nusa Tenggara Barat,687,99.2559,2.2854,117.2724,-8.5952
Sumatera Barat,Nusa Tenggara Barat,700,100.8827,-0.7958,117.2724,-8.5952
Riau,Nusa Tenggara Barat,678,101.5802,0.7067,117.2724,-8.5952
Jambi,Nusa Tenggara Barat,124,102.6042,-1.7441,117.2724,-8.5952
Sumatera Selatan,Nusa Tenggara Barat,629,104.2843,-3.2717,117.2724,-8.5952
Bengkulu,Nusa Tenggara Barat,23,102.4712,-3.6014,117.2724,-8.5952
Lampung,Nusa Tenggara Barat,302,105.1142,-4.8296,117.2724,-8.5952
Kep. Bangka Belitung,Nusa Tenggara Barat,644,107.9076,-2.899,117.2724,-8.5952
Kepulauan Riau,Nusa Tenggara Barat,1253,108.1962,3.9241,117.2724,-8.5952
DKI Jakarta,Nusa Tenggara Barat,3969,106.8471,-6.2396,117.2724,-8.5952
Jawa Barat,Nusa Tenggara Barat,4348,107.6126,-6.8686,117.2724,-8.5952
Jawa Tengah,Nusa Tenggara Barat,3019,109.6866,-7.308,117.2724,-8.5952
DI Yogyakarta,Nusa Tenggara Barat,2963,110.4118,-7.8742,117.2724,-8.5952
Jawa Timur,Nusa Tenggara Barat,7896,112.2791,-7.7692,117.2724,-8.5952
Banten,Nusa Tenggara Barat,1213,106.1333,-6.4401,117.2724,-8.5952
Bali,Nusa Tenggara Barat,11620,115.2623,-8.4457,117.2724,-8.5952
Nusa Tenggara Timur,Nusa Tenggara Barat,3487,120.5987,-8.5095,117.2724,-8.5952
Kalimantan Barat,Nusa Tenggara Barat,2700,111.0674,-0.481,117.2724,-8.5952
Kalimantan Tengah,Nusa Tenggara Barat,3883,113.4322,-1.3894,117.2724,-8.5952
Kalimantan Selatan,Nusa Tenggara Barat,2037,115.5176,-2.7478,117.2724,-8.5952
Kalimantan Timur,Nusa Tenggara Barat,7658,116.1401,0.1135,117.2724,-8.5952
Kalimantan Utara,Nusa Tenggara Barat,671,116.4531,2.7302,117.2724,-8.5952
Sulawesi Utara,Nusa Tenggara Barat,362,124.6214,1.0408,117.2724,-8.5952
Sulawesi Tengah,Nusa Tenggara Barat,532,122.3859,-0.963,117.2724,-8.5952
Sulawesi Selatan,Nusa Tenggara Barat,4561,119.9435,-3.8389,117.2724,-8.5952
Sulawesi Tenggara,Nusa Tenggara Barat,238,121.8742,-3.842,117.2724,-8.5952
Gorontalo,Nusa Tenggara Barat,2,122.2616,0.665,117.2724,-8.5952
Sulawesi Barat,Nusa Tenggara Barat,332,119.4169,-2.2052,117.2724,-8.5952
Maluku,Nusa Tenggara Barat,146,126.6566,-3.4639,117.2724,-8.5952
Maluku Utara,Nusa Tenggara Barat,15,124.8309,-1.8218,117.2724,-8.5952
Papua Barat,Nusa Tenggara Barat,355,130.0646,-1.868,117.2724,-8.5952
Papua,Nusa Tenggara Barat,2067,139.3661,-5.3222,117.2724,-8.5952
Aceh,Nusa Tenggara Timur,26,97.1491,3.9119,120.5987,-8.5095
Sumatera Utara,Nusa Tenggara Timur,842,99.2559,2.2854,120.5987,-8.5095
Sumatera Barat,Nusa Tenggara Timur,335,100.8827,-0.7958,120.5987,-8.5095
Riau,Nusa Tenggara Timur,311,101.5802,0.7067,120.5987,-8.5095
Jambi,Nusa Tenggara Timur,83,102.6042,-1.7441,120.5987,-8.5095
Sumatera Selatan,Nusa Tenggara Timur,463,104.2843,-3.2717,120.5987,-8.5095
Bengkulu,Nusa Tenggara Timur,50,102.4712,-3.6014,120.5987,-8.5095
Lampung,Nusa Tenggara Timur,345,105.1142,-4.8296,120.5987,-8.5095
Kep. Bangka Belitung,Nusa Tenggara Timur,395,107.9076,-2.899,120.5987,-8.5095
Kepulauan Riau,Nusa Tenggara Timur,3124,108.1962,3.9241,120.5987,-8.5095
DKI Jakarta,Nusa Tenggara Timur,5457,106.8471,-6.2396,120.5987,-8.5095
Jawa Barat,Nusa Tenggara Timur,3562,107.6126,-6.8686,120.5987,-8.5095
Jawa Tengah,Nusa Tenggara Timur,2783,109.6866,-7.308,120.5987,-8.5095
DI Yogyakarta,Nusa Tenggara Timur,3611,110.4118,-7.8742,120.5987,-8.5095
Jawa Timur,Nusa Tenggara Timur,14886,112.2791,-7.7692,120.5987,-8.5095
Banten,Nusa Tenggara Timur,748,106.1333,-6.4401,120.5987,-8.5095
Bali,Nusa Tenggara Timur,14451,115.2623,-8.4457,120.5987,-8.5095
Nusa Tenggara Barat,Nusa Tenggara Timur,3556,117.2724,-8.5952,120.5987,-8.5095
Kalimantan Barat,Nusa Tenggara Timur,1423,111.0674,-0.481,120.5987,-8.5095
Kalimantan Tengah,Nusa Tenggara Timur,3591,113.4322,-1.3894,120.5987,-8.5095
Kalimantan Selatan,Nusa Tenggara Timur,1600,115.5176,-2.7478,120.5987,-8.5095
Kalimantan Timur,Nusa Tenggara Timur,12582,116.1401,0.1135,120.5987,-8.5095
Kalimantan Utara,Nusa Tenggara Timur,2406,116.4531,2.7302,120.5987,-8.5095
Sulawesi Utara,Nusa Tenggara Timur,567,124.6214,1.0408,120.5987,-8.5095
Sulawesi Tengah,Nusa Tenggara Timur,254,122.3859,-0.963,120.5987,-8.5095
Sulawesi Selatan,Nusa Tenggara Timur,8903,119.9435,-3.8389,120.5987,-8.5095
Sulawesi Tenggara,Nusa Tenggara Timur,380,121.8742,-3.842,120.5987,-8.5095
Gorontalo,Nusa Tenggara Timur,39,122.2616,0.665,120.5987,-8.5095
Sulawesi Barat,Nusa Tenggara Timur,152,119.4169,-2.2052,120.5987,-8.5095
Maluku,Nusa Tenggara Timur,1229,126.6566,-3.4639,120.5987,-8.5095
Maluku Utara,Nusa Tenggara Timur,138,124.8309,-1.8218,120.5987,-8.5095
Papua Barat,Nusa Tenggara Timur,2010,130.0646,-1.868,120.5987,-8.5095
Papua,Nusa Tenggara Timur,5311,139.3661,-5.3222,120.5987,-8.5095
Aceh,Kalimantan Barat,122,97.1491,3.9119,111.0674,-0.481
Sumatera Utara,Kalimantan Barat,1671,99.2559,2.2854,111.0674,-0.481
Sumatera Barat,Kalimantan Barat,671,100.8827,-0.7958,111.0674,-0.481
Riau,Kalimantan Barat,987,101.5802,0.7067,111.0674,-0.481
Jambi,Kalimantan Barat,281,102.6042,-1.7441,111.0674,-0.481
Sumatera Selatan,Kalimantan Barat,188,104.2843,-3.2717,111.0674,-0.481
Bengkulu,Kalimantan Barat,55,102.4712,-3.6014,111.0674,-0.481
Lampung,Kalimantan Barat,875,105.1142,-4.8296,111.0674,-0.481
Kep. Bangka Belitung,Kalimantan Barat,220,107.9076,-2.899,111.0674,-0.481
Kepulauan Riau,Kalimantan Barat,932,108.1962,3.9241,111.0674,-0.481
DKI Jakarta,Kalimantan Barat,4620,106.8471,-6.2396,111.0674,-0.481
Jawa Barat,Kalimantan Barat,3473,107.6126,-6.8686,111.0674,-0.481
Jawa Tengah,Kalimantan Barat,6393,109.6866,-7.308,111.0674,-0.481
DI Yogyakarta,Kalimantan Barat,1454,110.4118,-7.8742,111.0674,-0.481
Jawa Timur,Kalimantan Barat,3692,112.2791,-7.7692,111.0674,-0.481
Banten,Kalimantan Barat,1792,106.1333,-6.4401,111.0674,-0.481
Bali,Kalimantan Barat,206,115.2623,-8.4457,111.0674,-0.481
Nusa Tenggara Barat,Kalimantan Barat,344,117.2724,-8.5952,111.0674,-0.481
Nusa Tenggara Timur,Kalimantan Barat,1063,120.5987,-8.5095,111.0674,-0.481
Kalimantan Tengah,Kalimantan Barat,1523,113.4322,-1.3894,111.0674,-0.481
Kalimantan Selatan,Kalimantan Barat,527,115.5176,-2.7478,111.0674,-0.481
Kalimantan Timur,Kalimantan Barat,996,116.1401,0.1135,111.0674,-0.481
Kalimantan Utara,Kalimantan Barat,66,116.4531,2.7302,111.0674,-0.481
Sulawesi Utara,Kalimantan Barat,64,124.6214,1.0408,111.0674,-0.481
Sulawesi Tengah,Kalimantan Barat,99,122.3859,-0.963,111.0674,-0.481
Sulawesi Selatan,Kalimantan Barat,531,119.9435,-3.8389,111.0674,-0.481
Sulawesi Tenggara,Kalimantan Barat,137,121.8742,-3.842,111.0674,-0.481
Gorontalo,Kalimantan Barat,25,122.2616,0.665,111.0674,-0.481
Sulawesi Barat,Kalimantan Barat,24,119.4169,-2.2052,111.0674,-0.481
Maluku,Kalimantan Barat,45,126.6566,-3.4639,111.0674,-0.481
Maluku Utara,Kalimantan Barat,111,124.8309,-1.8218,111.0674,-0.481
Papua Barat,Kalimantan Barat,52,130.0646,-1.868,111.0674,-0.481
Papua,Kalimantan Barat,190,139.3661,-5.3222,111.0674,-0.481
Aceh,Kalimantan Tengah,104,97.1491,3.9119,113.4322,-1.3894
Sumatera Utara,Kalimantan Tengah,2472,99.2559,2.2854,113.4322,-1.3894
Sumatera Barat,Kalimantan Tengah,399,100.8827,-0.7958,113.4322,-1.3894
Riau,Kalimantan Tengah,345,101.5802,0.7067,113.4322,-1.3894
Jambi,Kalimantan Tengah,438,102.6042,-1.7441,113.4322,-1.3894
Sumatera Selatan,Kalimantan Tengah,617,104.2843,-3.2717,113.4322,-1.3894
Bengkulu,Kalimantan Tengah,136,102.4712,-3.6014,113.4322,-1.3894
Lampung,Kalimantan Tengah,1344,105.1142,-4.8296,113.4322,-1.3894
Kep. Bangka Belitung,Kalimantan Tengah,102,107.9076,-2.899,113.4322,-1.3894
Kepulauan Riau,Kalimantan Tengah,30,108.1962,3.9241,113.4322,-1.3894
DKI Jakarta,Kalimantan Tengah,1530,106.8471,-6.2396,113.4322,-1.3894
Jawa Barat,Kalimantan Tengah,3791,107.6126,-6.8686,113.4322,-1.3894
Jawa Tengah,Kalimantan Tengah,17670,109.6866,-7.308,113.4322,-1.3894
DI Yogyakarta,Kalimantan Tengah,1179,110.4118,-7.8742,113.4322,-1.3894
Jawa Timur,Kalimantan Tengah,8786,112.2791,-7.7692,113.4322,-1.3894
Banten,Kalimantan Tengah,915,106.1333,-6.4401,113.4322,-1.3894
Bali,Kalimantan Tengah,145,115.2623,-8.4457,113.4322,-1.3894
Nusa Tenggara Barat,Kalimantan Tengah,2435,117.2724,-8.5952,113.4322,-1.3894
Nusa Tenggara Timur,Kalimantan Tengah,7578,120.5987,-8.5095,113.4322,-1.3894
Kalimantan Barat,Kalimantan Tengah,2927,111.0674,-0.481,113.4322,-1.3894
Kalimantan Selatan,Kalimantan Tengah,12807,115.5176,-2.7478,113.4322,-1.3894
Kalimantan Timur,Kalimantan Tengah,1711,116.1401,0.1135,113.4322,-1.3894
Kalimantan Utara,Kalimantan Tengah,420,116.4531,2.7302,113.4322,-1.3894
Sulawesi Utara,Kalimantan Tengah,364,124.6214,1.0408,113.4322,-1.3894
Sulawesi Tengah,Kalimantan Tengah,459,122.3859,-0.963,113.4322,-1.3894
Sulawesi Selatan,Kalimantan Tengah,1397,119.9435,-3.8389,113.4322,-1.3894
Sulawesi Tenggara,Kalimantan Tengah,73,121.8742,-3.842,113.4322,-1.3894
Gorontalo,Kalimantan Tengah,33,122.2616,0.665,113.4322,-1.3894
Sulawesi Barat,Kalimantan Tengah,75,119.4169,-2.2052,113.4322,-1.3894
Maluku,Kalimantan Tengah,205,126.6566,-3.4639,113.4322,-1.3894
Maluku Utara,Kalimantan Tengah,56,124.8309,-1.8218,113.4322,-1.3894
Papua Barat,Kalimantan Tengah,33,130.0646,-1.868,113.4322,-1.3894
Papua,Kalimantan Tengah,181,139.3661,-5.3222,113.4322,-1.3894
Aceh,Kalimantan Selatan,223,97.1491,3.9119,115.5176,-2.7478
Sumatera Utara,Kalimantan Selatan,1713,99.2559,2.2854,115.5176,-2.7478
Sumatera Barat,Kalimantan Selatan,281,100.8827,-0.7958,115.5176,-2.7478
Riau,Kalimantan Selatan,345,101.5802,0.7067,115.5176,-2.7478
Jambi,Kalimantan Selatan,279,102.6042,-1.7441,115.5176,-2.7478
Sumatera Selatan,Kalimantan Selatan,541,104.2843,-3.2717,115.5176,-2.7478
Bengkulu,Kalimantan Selatan,21,102.4712,-3.6014,115.5176,-2.7478
Lampung,Kalimantan Selatan,229,105.1142,-4.8296,115.5176,-2.7478
Kep. Bangka Belitung,Kalimantan Selatan,79,107.9076,-2.899,115.5176,-2.7478
Kepulauan Riau,Kalimantan Selatan,196,108.1962,3.9241,115.5176,-2.7478
DKI Jakarta,Kalimantan Selatan,1237,106.8471,-6.2396,115.5176,-2.7478
Jawa Barat,Kalimantan Selatan,3106,107.6126,-6.8686,115.5176,-2.7478
Jawa Tengah,Kalimantan Selatan,4111,109.6866,-7.308,115.5176,-2.7478
DI Yogyakarta,Kalimantan Selatan,694,110.4118,-7.8742,115.5176,-2.7478
Jawa Timur,Kalimantan Selatan,10768,112.2791,-7.7692,115.5176,-2.7478
Banten,Kalimantan Selatan,722,106.1333,-6.4401,115.5176,-2.7478
Bali,Kalimantan Selatan,362,115.2623,-8.4457,115.5176,-2.7478
Nusa Tenggara Barat,Kalimantan Selatan,1477,117.2724,-8.5952,115.5176,-2.7478
Nusa Tenggara Timur,Kalimantan Selatan,1699,120.5987,-8.5095,115.5176,-2.7478
Kalimantan Barat,Kalimantan Selatan,612,111.0674,-0.481,115.5176,-2.7478
Kalimantan Tengah,Kalimantan Selatan,15674,113.4322,-1.3894,115.5176,-2.7478
Kalimantan Timur,Kalimantan Selatan,9904,116.1401,0.1135,115.5176,-2.7478
Kalimantan Utara,Kalimantan Selatan,630,116.4531,2.7302,115.5176,-2.7478
Sulawesi Utara,Kalimantan Selatan,173,124.6214,1.0408,115.5176,-2.7478
Sulawesi Tengah,Kalimantan Selatan,202,122.3859,-0.963,115.5176,-2.7478
Sulawesi Selatan,Kalimantan Selatan,2275,119.9435,-3.8389,115.5176,-2.7478
Sulawesi Tenggara,Kalimantan Selatan,58,121.8742,-3.842,115.5176,-2.7478
Sulawesi Barat,Kalimantan Selatan,611,119.4169,-2.2052,115.5176,-2.7478
Maluku,Kalimantan Selatan,13,126.6566,-3.4639,115.5176,-2.7478
Maluku Utara,Kalimantan Selatan,73,124.8309,-1.8218,115.5176,-2.7478
Papua Barat,Kalimantan Selatan,152,130.0646,-1.868,115.5176,-2.7478
Papua,Kalimantan Selatan,218,139.3661,-5.3222,115.5176,-2.7478
Aceh,Kalimantan Timur,270,97.1491,3.9119,116.1401,0.1135
Sumatera Utara,Kalimantan Timur,2009,99.2559,2.2854,116.1401,0.1135
Sumatera Barat,Kalimantan Timur,638,100.8827,-0.7958,116.1401,0.1135
Riau,Kalimantan Timur,436,101.5802,0.7067,116.1401,0.1135
Jambi,Kalimantan Timur,521,102.6042,-1.7441,116.1401,0.1135
Sumatera Selatan,Kalimantan Timur,1364,104.2843,-3.2717,116.1401,0.1135
Bengkulu,Kalimantan Timur,86,102.4712,-3.6014,116.1401,0.1135
Lampung,Kalimantan Timur,1366,105.1142,-4.8296,116.1401,0.1135
Kep. Bangka Belitung,Kalimantan Timur,224,107.9076,-2.899,116.1401,0.1135
Kepulauan Riau,Kalimantan Timur,270,108.1962,3.9241,116.1401,0.1135
DKI Jakarta,Kalimantan Timur,3475,106.8471,-6.2396,116.1401,0.1135
Jawa Barat,Kalimantan Timur,4293,107.6126,-6.8686,116.1401,0.1135
Jawa Tengah,Kalimantan Timur,9142,109.6866,-7.308,116.1401,0.1135
DI Yogyakarta,Kalimantan Timur,1835,110.4118,-7.8742,116.1401,0.1135
Jawa Timur,Kalimantan Timur,18237,112.2791,-7.7692,116.1401,0.1135
Banten,Kalimantan Timur,917,106.1333,-6.4401,116.1401,0.1135
Bali,Kalimantan Timur,314,115.2623,-8.4457,116.1401,0.1135
Nusa Tenggara Barat,Kalimantan Timur,1790,117.2724,-8.5952,116.1401,0.1135
Nusa Tenggara Timur,Kalimantan Timur,5972,120.5987,-8.5095,116.1401,0.1135
Kalimantan Barat,Kalimantan Timur,741,111.0674,-0.481,116.1401,0.1135
Kalimantan Tengah,Kalimantan Timur,1602,113.4322,-1.3894,116.1401,0.1135
Kalimantan Selatan,Kalimantan Timur,7962,115.5176,-2.7478,116.1401,0.1135
Kalimantan Utara,Kalimantan Timur,3994,116.4531,2.7302,116.1401,0.1135
Sulawesi Utara,Kalimantan Timur,824,124.6214,1.0408,116.1401,0.1135
Sulawesi Tengah,Kalimantan Timur,2334,122.3859,-0.963,116.1401,0.1135
Sulawesi Selatan,Kalimantan Timur,25015,119.9435,-3.8389,116.1401,0.1135
Sulawesi Tenggara,Kalimantan Timur,1387,121.8742,-3.842,116.1401,0.1135
Gorontalo,Kalimantan Timur,182,122.2616,0.665,116.1401,0.1135
Sulawesi Barat,Kalimantan Timur,4624,119.4169,-2.2052,116.1401,0.1135
Maluku,Kalimantan Timur,37,126.6566,-3.4639,116.1401,0.1135
Maluku Utara,Kalimantan Timur,53,124.8309,-1.8218,116.1401,0.1135
Papua Barat,Kalimantan Timur,92,130.0646,-1.868,116.1401,0.1135
Papua,Kalimantan Timur,378,139.3661,-5.3222,116.1401,0.1135
Aceh,Kalimantan Utara,26,97.1491,3.9119,116.4531,2.7302
Sumatera Utara,Kalimantan Utara,237,99.2559,2.2854,116.4531,2.7302
Sumatera Barat,Kalimantan Utara,29,100.8827,-0.7958,116.4531,2.7302
Riau,Kalimantan Utara,45,101.5802,0.7067,116.4531,2.7302
Jambi,Kalimantan Utara,10,102.6042,-1.7441,116.4531,2.7302
Sumatera Selatan,Kalimantan Utara,56,104.2843,-3.2717,116.4531,2.7302
Bengkulu,Kalimantan Utara,6,102.4712,-3.6014,116.4531,2.7302
Lampung,Kalimantan Utara,127,105.1142,-4.8296,116.4531,2.7302
Kep. Bangka Belitung,Kalimantan Utara,7,107.9076,-2.899,116.4531,2.7302
Kepulauan Riau,Kalimantan Utara,129,108.1962,3.9241,116.4531,2.7302
DKI Jakarta,Kalimantan Utara,453,106.8471,-6.2396,116.4531,2.7302
Jawa Barat,Kalimantan Utara,695,107.6126,-6.8686,116.4531,2.7302
Jawa Tengah,Kalimantan Utara,1536,109.6866,-7.308,116.4531,2.7302
DI Yogyakarta,Kalimantan Utara,651,110.4118,-7.8742,116.4531,2.7302
Jawa Timur,Kalimantan Utara,2611,112.2791,-7.7692,116.4531,2.7302
Banten,Kalimantan Utara,46,106.1333,-6.4401,116.4531,2.7302
Bali,Kalimantan Utara,49,115.2623,-8.4457,116.4531,2.7302
Nusa Tenggara Barat,Kalimantan Utara,174,117.2724,-8.5952,116.4531,2.7302
Nusa Tenggara Timur,Kalimantan Utara,1272,120.5987,-8.5095,116.4531,2.7302
Kalimantan Barat,Kalimantan Utara,21,111.0674,-0.481,116.4531,2.7302
Kalimantan Tengah,Kalimantan Utara,119,113.4322,-1.3894,116.4531,2.7302
Kalimantan Selatan,Kalimantan Utara,541,115.5176,-2.7478,116.4531,2.7302
Kalimantan Timur,Kalimantan Utara,4034,116.1401,0.1135,116.4531,2.7302
Sulawesi Utara,Kalimantan Utara,105,124.6214,1.0408,116.4531,2.7302
Sulawesi Tengah,Kalimantan Utara,1388,122.3859,-0.963,116.4531,2.7302
Sulawesi Selatan,Kalimantan Utara,7906,119.9435,-3.8389,116.4531,2.7302
Sulawesi Tenggara,Kalimantan Utara,462,121.8742,-3.842,116.4531,2.7302
Gorontalo,Kalimantan Utara,36,122.2616,0.665,116.4531,2.7302
Sulawesi Barat,Kalimantan Utara,435,119.4169,-2.2052,116.4531,2.7302
Papua Barat,Kalimantan Utara,52,130.0646,-1.868,116.4531,2.7302
Papua,Kalimantan Utara,130,139.3661,-5.3222,116.4531,2.7302
Aceh,Sulawesi Utara,31,97.1491,3.9119,124.6214,1.0408
Sumatera Utara,Sulawesi Utara,545,99.2559,2.2854,124.6214,1.0408
Sumatera Barat,Sulawesi Utara,18,100.8827,-0.7958,124.6214,1.0408
Riau,Sulawesi Utara,55,101.5802,0.7067,124.6214,1.0408
Jambi,Sulawesi Utara,17,102.6042,-1.7441,124.6214,1.0408
Sumatera Selatan,Sulawesi Utara,136,104.2843,-3.2717,124.6214,1.0408
Lampung,Sulawesi Utara,21,105.1142,-4.8296,124.6214,1.0408
Kep. Bangka Belitung,Sulawesi Utara,4,107.9076,-2.899,124.6214,1.0408
Kepulauan Riau,Sulawesi Utara,425,108.1962,3.9241,124.6214,1.0408
DKI Jakarta,Sulawesi Utara,2596,106.8471,-6.2396,124.6214,1.0408
Jawa Barat,Sulawesi Utara,1856,107.6126,-6.8686,124.6214,1.0408
Jawa Tengah,Sulawesi Utara,904,109.6866,-7.308,124.6214,1.0408
DI Yogyakarta,Sulawesi Utara,277,110.4118,-7.8742,124.6214,1.0408
Jawa Timur,Sulawesi Utara,1699,112.2791,-7.7692,124.6214,1.0408
Banten,Sulawesi Utara,216,106.1333,-6.4401,124.6214,1.0408
Bali,Sulawesi Utara,395,115.2623,-8.4457,124.6214,1.0408
Nusa Tenggara Barat,Sulawesi Utara,139,117.2724,-8.5952,124.6214,1.0408
Nusa Tenggara Timur,Sulawesi Utara,303,120.5987,-8.5095,124.6214,1.0408
Kalimantan Barat,Sulawesi Utara,169,111.0674,-0.481,124.6214,1.0408
Kalimantan Tengah,Sulawesi Utara,69,113.4322,-1.3894,124.6214,1.0408
Kalimantan Selatan,Sulawesi Utara,226,115.5176,-2.7478,124.6214,1.0408
Kalimantan Timur,Sulawesi Utara,813,116.1401,0.1135,124.6214,1.0408
Kalimantan Utara,Sulawesi Utara,246,116.4531,2.7302,124.6214,1.0408
Sulawesi Tengah,Sulawesi Utara,2951,122.3859,-0.963,124.6214,1.0408
Sulawesi Selatan,Sulawesi Utara,3384,119.9435,-3.8389,124.6214,1.0408
Sulawesi Tenggara,Sulawesi Utara,361,121.8742,-3.842,124.6214,1.0408
Gorontalo,Sulawesi Utara,5819,122.2616,0.665,124.6214,1.0408
Sulawesi Barat,Sulawesi Utara,225,119.4169,-2.2052,124.6214,1.0408
Maluku,Sulawesi Utara,636,126.6566,-3.4639,124.6214,1.0408
Maluku Utara,Sulawesi Utara,1824,124.8309,-1.8218,124.6214,1.0408
Papua Barat,Sulawesi Utara,1554,130.0646,-1.868,124.6214,1.0408
Papua,Sulawesi Utara,2904,139.3661,-5.3222,124.6214,1.0408
Aceh,Sulawesi Tengah,170,97.1491,3.9119,122.3859,-0.963
Sumatera Utara,Sulawesi Tengah,972,99.2559,2.2854,122.3859,-0.963
Sumatera Barat,Sulawesi Tengah,262,100.8827,-0.7958,122.3859,-0.963
Riau,Sulawesi Tengah,105,101.5802,0.7067,122.3859,-0.963
Jambi,Sulawesi Tengah,128,102.6042,-1.7441,122.3859,-0.963
Sumatera Selatan,Sulawesi Tengah,129,104.2843,-3.2717,122.3859,-0.963
Bengkulu,Sulawesi Tengah,53,102.4712,-3.6014,122.3859,-0.963
Lampung,Sulawesi Tengah,74,105.1142,-4.8296,122.3859,-0.963
Kep. Bangka Belitung,Sulawesi Tengah,69,107.9076,-2.899,122.3859,-0.963
Kepulauan Riau,Sulawesi Tengah,95,108.1962,3.9241,122.3859,-0.963
DKI Jakarta,Sulawesi Tengah,1033,106.8471,-6.2396,122.3859,-0.963
Jawa Barat,Sulawesi Tengah,1513,107.6126,-6.8686,122.3859,-0.963
Jawa Tengah,Sulawesi Tengah,1114,109.6866,-7.308,122.3859,-0.963
DI Yogyakarta,Sulawesi Tengah,531,110.4118,-7.8742,122.3859,-0.963
Jawa Timur,Sulawesi Tengah,1995,112.2791,-7.7692,122.3859,-0.963
Banten,Sulawesi Tengah,365,106.1333,-6.4401,122.3859,-0.963
Bali,Sulawesi Tengah,713,115.2623,-8.4457,122.3859,-0.963
Nusa Tenggara Barat,Sulawesi Tengah,169,117.2724,-8.5952,122.3859,-0.963
Nusa Tenggara Timur,Sulawesi Tengah,319,120.5987,-8.5095,122.3859,-0.963
Kalimantan Barat,Sulawesi Tengah,74,111.0674,-0.481,122.3859,-0.963
Kalimantan Tengah,Sulawesi Tengah,340,113.4322,-1.3894,122.3859,-0.963
Kalimantan Selatan,Sulawesi Tengah,163,115.5176,-2.7478,122.3859,-0.963
Kalimantan Timur,Sulawesi Tengah,3228,116.1401,0.1135,122.3859,-0.963
Kalimantan Utara,Sulawesi Tengah,2140,116.4531,2.7302,122.3859,-0.963
Sulawesi Utara,Sulawesi Tengah,3265,124.6214,1.0408,122.3859,-0.963
Sulawesi Selatan,Sulawesi Tengah,15749,119.9435,-3.8389,122.3859,-0.963
Sulawesi Tenggara,Sulawesi Tengah,2301,121.8742,-3.842,122.3859,-0.963
Gorontalo,Sulawesi Tengah,3274,122.2616,0.665,122.3859,-0.963
Sulawesi Barat,Sulawesi Tengah,3150,119.4169,-2.2052,122.3859,-0.963
Maluku,Sulawesi Tengah,189,126.6566,-3.4639,122.3859,-0.963
Maluku Utara,Sulawesi Tengah,392,124.8309,-1.8218,122.3859,-0.963
Papua Barat,Sulawesi Tengah,243,130.0646,-1.868,122.3859,-0.963
Papua,Sulawesi Tengah,653,139.3661,-5.3222,122.3859,-0.963
Aceh,Sulawesi Selatan,72,97.1491,3.9119,119.9435,-3.8389
Sumatera Utara,Sulawesi Selatan,529,99.2559,2.2854,119.9435,-3.8389
Sumatera Barat,Sulawesi Selatan,650,100.8827,-0.7958,119.9435,-3.8389
Riau,Sulawesi Selatan,434,101.5802,0.7067,119.9435,-3.8389
Jambi,Sulawesi Selatan,384,102.6042,-1.7441,119.9435,-3.8389
Sumatera Selatan,Sulawesi Selatan,864,104.2843,-3.2717,119.9435,-3.8389
Bengkulu,Sulawesi Selatan,41,102.4712,-3.6014,119.9435,-3.8389
Lampung,Sulawesi Selatan,267,105.1142,-4.8296,119.9435,-3.8389
Kep. Bangka Belitung,Sulawesi Selatan,184,107.9076,-2.899,119.9435,-3.8389
Kepulauan Riau,Sulawesi Selatan,877,108.1962,3.9241,119.9435,-3.8389
DKI Jakarta,Sulawesi Selatan,4428,106.8471,-6.2396,119.9435,-3.8389
Jawa Barat,Sulawesi Selatan,4636,107.6126,-6.8686,119.9435,-3.8389
Jawa Tengah,Sulawesi Selatan,3063,109.6866,-7.308,119.9435,-3.8389
DI Yogyakarta,Sulawesi Selatan,416,110.4118,-7.8742,119.9435,-3.8389
Jawa Timur,Sulawesi Selatan,4022,112.2791,-7.7692,119.9435,-3.8389
Banten,Sulawesi Selatan,765,106.1333,-6.4401,119.9435,-3.8389
Bali,Sulawesi Selatan,607,115.2623,-8.4457,119.9435,-3.8389
Nusa Tenggara Barat,Sulawesi Selatan,1188,117.2724,-8.5952,119.9435,-3.8389
Nusa Tenggara Timur,Sulawesi Selatan,3535,120.5987,-8.5095,119.9435,-3.8389
Kalimantan Barat,Sulawesi Selatan,455,111.0674,-0.481,119.9435,-3.8389
Kalimantan Tengah,Sulawesi Selatan,679,113.4322,-1.3894,119.9435,-3.8389
Kalimantan Selatan,Sulawesi Selatan,2527,115.5176,-2.7478,119.9435,-3.8389
Kalimantan Timur,Sulawesi Selatan,25914,116.1401,0.1135,119.9435,-3.8389
Kalimantan Utara,Sulawesi Selatan,7642,116.4531,2.7302,119.9435,-3.8389
Sulawesi Utara,Sulawesi Selatan,1756,124.6214,1.0408,119.9435,-3.8389
Sulawesi Tengah,Sulawesi Selatan,12121,122.3859,-0.963,119.9435,-3.8389
Sulawesi Tenggara,Sulawesi Selatan,12745,121.8742,-3.842,119.9435,-3.8389
Gorontalo,Sulawesi Selatan,602,122.2616,0.665,119.9435,-3.8389
Sulawesi Barat,Sulawesi Selatan,11033,119.4169,-2.2052,119.9435,-3.8389
Maluku,Sulawesi Selatan,2203,126.6566,-3.4639,119.9435,-3.8389
Maluku Utara,Sulawesi Selatan,1972,124.8309,-1.8218,119.9435,-3.8389
Papua Barat,Sulawesi Selatan,4800,130.0646,-1.868,119.9435,-3.8389
Papua,Sulawesi Selatan,15162,139.3661,-5.3222,119.9435,-3.8389
Aceh,Sulawesi Tenggara,360,97.1491,3.9119,121.8742,-3.842
Sumatera Utara,Sulawesi Tenggara,418,99.2559,2.2854,121.8742,-3.842
Sumatera Barat,Sulawesi Tenggara,147,100.8827,-0.7958,121.8742,-3.842
Riau,Sulawesi Tenggara,591,101.5802,0.7067,121.8742,-3.842
Jambi,Sulawesi Tenggara,71,102.6042,-1.7441,121.8742,-3.842
Sumatera Selatan,Sulawesi Tenggara,77,104.2843,-3.2717,121.8742,-3.842
Lampung,Sulawesi Tenggara,237,105.1142,-4.8296,121.8742,-3.842
Kep. Bangka Belitung,Sulawesi Tenggara,555,107.9076,-2.899,121.8742,-3.842
Kepulauan Riau,Sulawesi Tenggara,1130,108.1962,3.9241,121.8742,-3.842
DKI Jakarta,Sulawesi Tenggara,1383,106.8471,-6.2396,121.8742,-3.842
Jawa Barat,Sulawesi Tenggara,1574,107.6126,-6.8686,121.8742,-3.842
Jawa Tengah,Sulawesi Tenggara,1125,109.6866,-7.308,121.8742,-3.842
DI Yogyakarta,Sulawesi Tenggara,509,110.4118,-7.8742,121.8742,-3.842
Jawa Timur,Sulawesi Tenggara,1855,112.2791,-7.7692,121.8742,-3.842
Banten,Sulawesi Tenggara,134,106.1333,-6.4401,121.8742,-3.842
Bali,Sulawesi Tenggara,550,115.2623,-8.4457,121.8742,-3.842
Nusa Tenggara Barat,Sulawesi Tenggara,333,117.2724,-8.5952,121.8742,-3.842
Nusa Tenggara Timur,Sulawesi Tenggara,447,120.5987,-8.5095,121.8742,-3.842
Kalimantan Barat,Sulawesi Tenggara,219,111.0674,-0.481,121.8742,-3.842
Kalimantan Tengah,Sulawesi Tenggara,124,113.4322,-1.3894,121.8742,-3.842
Kalimantan Selatan,Sulawesi Tenggara,519,115.5176,-2.7478,121.8742,-3.842
Kalimantan Timur,Sulawesi Tenggara,3651,116.1401,0.1135,121.8742,-3.842
Kalimantan Utara,Sulawesi Tenggara,635,116.4531,2.7302,121.8742,-3.842
Sulawesi Utara,Sulawesi Tenggara,1597,124.6214,1.0408,121.8742,-3.842
Sulawesi Tengah,Sulawesi Tenggara,3423,122.3859,-0.963,121.8742,-3.842
Sulawesi Selatan,Sulawesi Tenggara,24021,119.9435,-3.8389,121.8742,-3.842
Gorontalo,Sulawesi Tenggara,382,122.2616,0.665,121.8742,-3.842
Sulawesi Barat,Sulawesi Tenggara,1302,119.4169,-2.2052,121.8742,-3.842
Maluku,Sulawesi Tenggara,6548,126.6566,-3.4639,121.8742,-3.842
Maluku Utara,Sulawesi Tenggara,3518,124.8309,-1.8218,121.8742,-3.842
Papua Barat,Sulawesi Tenggara,6549,130.0646,-1.868,121.8742,-3.842
Papua,Sulawesi Tenggara,7242,139.3661,-5.3222,121.8742,-3.842
Aceh,Gorontalo,173,97.1491,3.9119,122.2616,0.665
Sumatera Utara,Gorontalo,93,99.2559,2.2854,122.2616,0.665
Sumatera Barat,Gorontalo,27,100.8827,-0.7958,122.2616,0.665
Riau,Gorontalo,76,101.5802,0.7067,122.2616,0.665
Jambi,Gorontalo,114,102.6042,-1.7441,122.2616,0.665
Sumatera Selatan,Gorontalo,2,104.2843,-3.2717,122.2616,0.665
Bengkulu,Gorontalo,37,102.4712,-3.6014,122.2616,0.665
Lampung,Gorontalo,89,105.1142,-4.8296,122.2616,0.665
DKI Jakarta,Gorontalo,533,106.8471,-6.2396,122.2616,0.665
Jawa Barat,Gorontalo,577,107.6126,-6.8686,122.2616,0.665
Jawa Tengah,Gorontalo,206,109.6866,-7.308,122.2616,0.665
DI Yogyakarta,Gorontalo,72,110.4118,-7.8742,122.2616,0.665
Jawa Timur,Gorontalo,454,112.2791,-7.7692,122.2616,0.665
Banten,Gorontalo,213,106.1333,-6.4401,122.2616,0.665
Bali,Gorontalo,31,115.2623,-8.4457,122.2616,0.665
Nusa Tenggara Barat,Gorontalo,118,117.2724,-8.5952,122.2616,0.665
Nusa Tenggara Timur,Gorontalo,103,120.5987,-8.5095,122.2616,0.665
Kalimantan Barat,Gorontalo,64,111.0674,-0.481,122.2616,0.665
Kalimantan Tengah,Gorontalo,94,113.4322,-1.3894,122.2616,0.665
Kalimantan Selatan,Gorontalo,35,115.5176,-2.7478,122.2616,0.665
Kalimantan Timur,Gorontalo,305,116.1401,0.1135,122.2616,0.665
Kalimantan Utara,Gorontalo,103,116.4531,2.7302,122.2616,0.665
Sulawesi Utara,Gorontalo,8651,124.6214,1.0408,122.2616,0.665
Sulawesi Tengah,Gorontalo,5148,122.3859,-0.963,122.2616,0.665
Sulawesi Selatan,Gorontalo,1483,119.9435,-3.8389,122.2616,0.665
Sulawesi Tenggara,Gorontalo,342,121.8742,-3.842,122.2616,0.665
Sulawesi Barat,Gorontalo,59,119.4169,-2.2052,122.2616,0.665
Maluku,Gorontalo,124,126.6566,-3.4639,122.2616,0.665
Maluku Utara,Gorontalo,567,124.8309,-1.8218,122.2616,0.665
Papua Barat,Gorontalo,83,130.0646,-1.868,122.2616,0.665
Papua,Gorontalo,370,139.3661,-5.3222,122.2616,0.665
Aceh,Sulawesi Barat,32,97.1491,3.9119,119.4169,-2.2052
Sumatera Utara,Sulawesi Barat,150,99.2559,2.2854,119.4169,-2.2052
Sumatera Barat,Sulawesi Barat,56,100.8827,-0.7958,119.4169,-2.2052
Riau,Sulawesi Barat,16,101.5802,0.7067,119.4169,-2.2052
Jambi,Sulawesi Barat,43,102.6042,-1.7441,119.4169,-2.2052
Sumatera Selatan,Sulawesi Barat,35,104.2843,-3.2717,119.4169,-2.2052
Bengkulu,Sulawesi Barat,101,102.4712,-3.6014,119.4169,-2.2052
Lampung,Sulawesi Barat,38,105.1142,-4.8296,119.4169,-2.2052
Kep. Bangka Belitung,Sulawesi Barat,38,107.9076,-2.899,119.4169,-2.2052
Kepulauan Riau,Sulawesi Barat,83,108.1962,3.9241,119.4169,-2.2052
DKI Jakarta,Sulawesi Barat,335,106.8471,-6.2396,119.4169,-2.2052
Jawa Barat,Sulawesi Barat,386,107.6126,-6.8686,119.4169,-2.2052
Jawa Tengah,Sulawesi Barat,436,109.6866,-7.308,119.4169,-2.2052
DI Yogyakarta,Sulawesi Barat,144,110.4118,-7.8742,119.4169,-2.2052
Jawa Timur,Sulawesi Barat,930,112.2791,-7.7692,119.4169,-2.2052
Banten,Sulawesi Barat,8,106.1333,-6.4401,119.4169,-2.2052
Bali,Sulawesi Barat,388,115.2623,-8.4457,119.4169,-2.2052
Nusa Tenggara Barat,Sulawesi Barat,158,117.2724,-8.5952,119.4169,-2.2052
Nusa Tenggara Timur,Sulawesi Barat,318,120.5987,-8.5095,119.4169,-2.2052
Kalimantan Barat,Sulawesi Barat,87,111.0674,-0.481,119.4169,-2.2052
Kalimantan Tengah,Sulawesi Barat,163,113.4322,-1.3894,119.4169,-2.2052
Kalimantan Selatan,Sulawesi Barat,530,115.5176,-2.7478,119.4169,-2.2052
Kalimantan Timur,Sulawesi Barat,4442,116.1401,0.1135,119.4169,-2.2052
Kalimantan Utara,Sulawesi Barat,846,116.4531,2.7302,119.4169,-2.2052
Sulawesi Utara,Sulawesi Barat,108,124.6214,1.0408,119.4169,-2.2052
Sulawesi Tengah,Sulawesi Barat,4714,122.3859,-0.963,119.4169,-2.2052
Sulawesi Selatan,Sulawesi Barat,14890,119.9435,-3.8389,119.4169,-2.2052
Sulawesi Tenggara,Sulawesi Barat,661,121.8742,-3.842,119.4169,-2.2052
Gorontalo,Sulawesi Barat,48,122.2616,0.665,119.4169,-2.2052
Maluku,Sulawesi Barat,132,126.6566,-3.4639,119.4169,-2.2052
Maluku Utara,Sulawesi Barat,59,124.8309,-1.8218,119.4169,-2.2052
Papua Barat,Sulawesi Barat,129,130.0646,-1.868,119.4169,-2.2052
Papua,Sulawesi Barat,356,139.3661,-5.3222,119.4169,-2.2052
Aceh,Maluku,102,97.1491,3.9119,126.6566,-3.4639
Sumatera Utara,Maluku,550,99.2559,2.2854,126.6566,-3.4639
Sumatera Barat,Maluku,64,100.8827,-0.7958,126.6566,-3.4639
Riau,Maluku,249,101.5802,0.7067,126.6566,-3.4639
Jambi,Maluku,15,102.6042,-1.7441,126.6566,-3.4639
Sumatera Selatan,Maluku,21,104.2843,-3.2717,126.6566,-3.4639
Lampung,Maluku,154,105.1142,-4.8296,126.6566,-3.4639
Kepulauan Riau,Maluku,64,108.1962,3.9241,126.6566,-3.4639
DKI Jakarta,Maluku,1417,106.8471,-6.2396,126.6566,-3.4639
Jawa Barat,Maluku,1733,107.6126,-6.8686,126.6566,-3.4639
Jawa Tengah,Maluku,867,109.6866,-7.308,126.6566,-3.4639
DI Yogyakarta,Maluku,586,110.4118,-7.8742,126.6566,-3.4639
Jawa Timur,Maluku,2502,112.2791,-7.7692,126.6566,-3.4639
Banten,Maluku,286,106.1333,-6.4401,126.6566,-3.4639
Bali,Maluku,181,115.2623,-8.4457,126.6566,-3.4639
Nusa Tenggara Barat,Maluku,45,117.2724,-8.5952,126.6566,-3.4639
Nusa Tenggara Timur,Maluku,733,120.5987,-8.5095,126.6566,-3.4639
Kalimantan Barat,Maluku,46,111.0674,-0.481,126.6566,-3.4639
Kalimantan Tengah,Maluku,20,113.4322,-1.3894,126.6566,-3.4639
Kalimantan Selatan,Maluku,203,115.5176,-2.7478,126.6566,-3.4639
Kalimantan Timur,Maluku,139,116.1401,0.1135,126.6566,-3.4639
Kalimantan Utara,Maluku,97,116.4531,2.7302,126.6566,-3.4639
Sulawesi Utara,Maluku,841,124.6214,1.0408,126.6566,-3.4639
Sulawesi Tengah,Maluku,274,122.3859,-0.963,126.6566,-3.4639
Sulawesi Selatan,Maluku,2601,119.9435,-3.8389,126.6566,-3.4639
Sulawesi Tenggara,Maluku,2879,121.8742,-3.842,126.6566,-3.4639
Gorontalo,Maluku,77,122.2616,0.665,126.6566,-3.4639
Sulawesi Barat,Maluku,109,119.4169,-2.2052,126.6566,-3.4639
Maluku Utara,Maluku,1996,124.8309,-1.8218,126.6566,-3.4639
Papua Barat,Maluku,3222,130.0646,-1.868,126.6566,-3.4639
Papua,Maluku,4698,139.3661,-5.3222,126.6566,-3.4639
Aceh,Maluku Utara,46,97.1491,3.9119,124.8309,-1.8218
Sumatera Utara,Maluku Utara,87,99.2559,2.2854,124.8309,-1.8218
Sumatera Barat,Maluku Utara,135,100.8827,-0.7958,124.8309,-1.8218
Riau,Maluku Utara,9,101.5802,0.7067,124.8309,-1.8218
Jambi,Maluku Utara,15,102.6042,-1.7441,124.8309,-1.8218
Sumatera Selatan,Maluku Utara,57,104.2843,-3.2717,124.8309,-1.8218
Bengkulu,Maluku Utara,63,102.4712,-3.6014,124.8309,-1.8218
Kep. Bangka Belitung,Maluku Utara,15,107.9076,-2.899,124.8309,-1.8218
Kepulauan Riau,Maluku Utara,92,108.1962,3.9241,124.8309,-1.8218
DKI Jakarta,Maluku Utara,480,106.8471,-6.2396,124.8309,-1.8218
Jawa Barat,Maluku Utara,490,107.6126,-6.8686,124.8309,-1.8218
Jawa Tengah,Maluku Utara,696,109.6866,-7.308,124.8309,-1.8218
DI Yogyakarta,Maluku Utara,346,110.4118,-7.8742,124.8309,-1.8218
Jawa Timur,Maluku Utara,1084,112.2791,-7.7692,124.8309,-1.8218
Banten,Maluku Utara,51,106.1333,-6.4401,124.8309,-1.8218
Bali,Maluku Utara,62,115.2623,-8.4457,124.8309,-1.8218
Nusa Tenggara Barat,Maluku Utara,73,117.2724,-8.5952,124.8309,-1.8218
Nusa Tenggara Timur,Maluku Utara,73,120.5987,-8.5095,124.8309,-1.8218
Kalimantan Barat,Maluku Utara,52,111.0674,-0.481,124.8309,-1.8218
Kalimantan Tengah,Maluku Utara,37,113.4322,-1.3894,124.8309,-1.8218
Kalimantan Selatan,Maluku Utara,31,115.5176,-2.7478,124.8309,-1.8218
Kalimantan Timur,Maluku Utara,42,116.1401,0.1135,124.8309,-1.8218
Sulawesi Utara,Maluku Utara,2081,124.6214,1.0408,124.8309,-1.8218
Sulawesi Tengah,Maluku Utara,676,122.3859,-0.963,124.8309,-1.8218
Sulawesi Selatan,Maluku Utara,2514,119.9435,-3.8389,124.8309,-1.8218
Sulawesi Tenggara,Maluku Utara,2217,121.8742,-3.842,124.8309,-1.8218
Gorontalo,Maluku Utara,332,122.2616,0.665,124.8309,-1.8218
Sulawesi Barat,Maluku Utara,46,119.4169,-2.2052,124.8309,-1.8218
Maluku,Maluku Utara,1502,126.6566,-3.4639,124.8309,-1.8218
Papua Barat,Maluku Utara,922,130.0646,-1.868,124.8309,-1.8218
Papua,Maluku Utara,808,139.3661,-5.3222,124.8309,-1.8218
Aceh,Papua Barat,32,97.1491,3.9119,130.0646,-1.868
Sumatera Utara,Papua Barat,583,99.2559,2.2854,130.0646,-1.868
Sumatera Barat,Papua Barat,108,100.8827,-0.7958,130.0646,-1.868
Riau,Papua Barat,67,101.5802,0.7067,130.0646,-1.868
Jambi,Papua Barat,4,102.6042,-1.7441,130.0646,-1.868
Sumatera Selatan,Papua Barat,305,104.2843,-3.2717,130.0646,-1.868
Bengkulu,Papua Barat,20,102.4712,-3.6014,130.0646,-1.868
Lampung,Papua Barat,126,105.1142,-4.8296,130.0646,-1.868
Kepulauan Riau,Papua Barat,48,108.1962,3.9241,130.0646,-1.868
DKI Jakarta,Papua Barat,969,106.8471,-6.2396,130.0646,-1.868
Jawa Barat,Papua Barat,1086,107.6126,-6.8686,130.0646,-1.868
Jawa Tengah,Papua Barat,1146,109.6866,-7.308,130.0646,-1.868
DI Yogyakarta,Papua Barat,543,110.4118,-7.8742,130.0646,-1.868
Jawa Timur,Papua Barat,3511,112.2791,-7.7692,130.0646,-1.868
Banten,Papua Barat,210,106.1333,-6.4401,130.0646,-1.868
Bali,Papua Barat,202,115.2623,-8.4457,130.0646,-1.868
Nusa Tenggara Barat,Papua Barat,164,117.2724,-8.5952,130.0646,-1.868
Nusa Tenggara Timur,Papua Barat,2030,120.5987,-8.5095,130.0646,-1.868
Kalimantan Barat,Papua Barat,135,111.0674,-0.481,130.0646,-1.868
Kalimantan Tengah,Papua Barat,6,113.4322,-1.3894,130.0646,-1.868
Kalimantan Selatan,Papua Barat,30,115.5176,-2.7478,130.0646,-1.868
Kalimantan Timur,Papua Barat,213,116.1401,0.1135,130.0646,-1.868
Kalimantan Utara,Papua Barat,29,116.4531,2.7302,130.0646,-1.868
Sulawesi Utara,Papua Barat,1655,124.6214,1.0408,130.0646,-1.868
Sulawesi Tengah,Papua Barat,484,122.3859,-0.963,130.0646,-1.868
Sulawesi Selatan,Papua Barat,6494,119.9435,-3.8389,130.0646,-1.868
Sulawesi Tenggara,Papua Barat,2754,121.8742,-3.842,130.0646,-1.868
Gorontalo,Papua Barat,63,122.2616,0.665,130.0646,-1.868
Sulawesi Barat,Papua Barat,183,119.4169,-2.2052,130.0646,-1.868
Maluku,Papua Barat,5010,126.6566,-3.4639,130.0646,-1.868
Maluku Utara,Papua Barat,1022,124.8309,-1.8218,130.0646,-1.868
Papua,Papua Barat,5998,139.3661,-5.3222,130.0646,-1.868
Aceh,Papua,153,97.1491,3.9119,139.3661,-5.3222
Sumatera Utara,Papua,1289,99.2559,2.2854,139.3661,-5.3222
Sumatera Barat,Papua,163,100.8827,-0.7958,139.3661,-5.3222
Riau,Papua,141,101.5802,0.7067,139.3661,-5.3222
Jambi,Papua,69,102.6042,-1.7441,139.3661,-5.3222
Sumatera Selatan,Papua,79,104.2843,-3.2717,139.3661,-5.3222
Bengkulu,Papua,30,102.4712,-3.6014,139.3661,-5.3222
Lampung,Papua,334,105.1142,-4.8296,139.3661,-5.3222
Kepulauan Riau,Papua,161,108.1962,3.9241,139.3661,-5.3222
DKI Jakarta,Papua,1095,106.8471,-6.2396,139.3661,-5.3222
Jawa Barat,Papua,1124,107.6126,-6.8686,139.3661,-5.3222
Jawa Tengah,Papua,2548,109.6866,-7.308,139.3661,-5.3222
DI Yogyakarta,Papua,522,110.4118,-7.8742,139.3661,-5.3222
Jawa Timur,Papua,4626,112.2791,-7.7692,139.3661,-5.3222
Banten,Papua,372,106.1333,-6.4401,139.3661,-5.3222
Bali,Papua,185,115.2623,-8.4457,139.3661,-5.3222
Nusa Tenggara Barat,Papua,604,117.2724,-8.5952,139.3661,-5.3222
Nusa Tenggara Timur,Papua,3950,120.5987,-8.5095,139.3661,-5.3222
Kalimantan Barat,Papua,173,111.0674,-0.481,139.3661,-5.3222
Kalimantan Tengah,Papua,11,113.4322,-1.3894,139.3661,-5.3222
Kalimantan Selatan,Papua,77,115.5176,-2.7478,139.3661,-5.3222
Kalimantan Timur,Papua,106,116.1401,0.1135,139.3661,-5.3222
Kalimantan Utara,Papua,40,116.4531,2.7302,139.3661,-5.3222
Sulawesi Utara,Papua,1195,124.6214,1.0408,139.3661,-5.3222
Sulawesi Tengah,Papua,286,122.3859,-0.963,139.3661,-5.3222
Sulawesi Selatan,Papua,10497,119.9435,-3.8389,139.3661,-5.3222
Sulawesi Tenggara,Papua,2348,121.8742,-3.842,139.3661,-5.3222
Gorontalo,Papua,81,122.2616,0.665,139.3661,-5.3222
Sulawesi Barat,Papua,176,119.4169,-2.2052,139.3661,-5.3222
Maluku,Papua,3636,126.6566,-3.4639,139.3661,-5.3222
Maluku Utara,Papua,326,124.8309,-1.8218,139.3661,-5.3222
Papua Barat,Papua,2386,130.0646,-1.868,139.3661,-5.3222
