provinsi,masuk_risen,keluar_risen,neto_risen,lon,lat
Aceh,38639,36388,2251,97.1491,3.9119
Sumatera Utara,182153,210630,-28477,99.2559,2.2854
Sumatera Barat,178849,93181,85668,100.8827,-0.7958
Riau,131829,152983,-21154,101.5802,0.7067
Jambi,52923,60675,-7752,102.6042,-1.7441
Sumatera Selatan,86897,113715,-26818,104.2843,-3.2717
Bengkulu,34844,28897,5947,102.4712,-3.6014
Lampung,127641,103811,23830,105.1142,-4.8296
Kep. Bangka Belitung,30370,18367,12003,107.9076,-2.899
Kepulauan Riau,94199,83164,11035,108.1962,3.9241
DKI Jakarta,212457,797468,-585011,106.8471,-6.2396
Jawa Barat,716469,506570,209899,107.6126,-6.8686
Jawa Tengah,778524,411891,366633,109.6866,-7.308
DI Yogyakarta,178885,100649,78236,110.4118,-7.8742
Jawa Timur,364354,280954,83400,112.2791,-7.7692
Banten,240986,232470,8516,106.1333,-6.4401
Bali,49171,74066,-24895,115.2623,-8.4457
Nusa Tenggara Barat,162649,30934,131715,117.2724,-8.5952
Nusa Tenggara Timur,109377,57167,52210,120.5987,-8.5095
Kalimantan Barat,58641,43690,14951,111.0674,-0.481
Kalimantan Tengah,71039,74884,-3845,113.4322,-1.3894
Kalimantan Selatan,59680,53866,5814,115.5176,-2.7478
Kalimantan Timur,103780,127084,-23304,116.1401,0.1135
Kalimantan Utara,26144,26076,68,116.4531,2.7302
Sulawesi Utara,31330,31576,-246,124.6214,1.0408
Sulawesi Tengah,45678,44083,1595,122.3859,-0.963
Sulawesi Selatan,155301,153670,1631,119.9435,-3.8389
Sulawesi Tenggara,74740,35923,38817,121.8742,-3.842
Gorontalo,20354,12855,7499,122.2616,0.665
Sulawesi Barat,34464,24083,10381,119.4169,-2.2052
Maluku,27010,29751,-2741,126.6566,-3.4639
Maluku Utara,15136,15284,-148,124.8309,-1.8218
Papua Barat,35314,31654,3660,130.0646,-1.868
Papua,39138,69394,-30256,139.3661,-5.3222
